station,datetime,precipitation_mm,snow_depth_cm,snow_diff,rain_or_snow,average_air_temperature_c,average_relative_humidity_percent,wet_bulb_temperature_c
acewinne,2023-07-27T06:50:00Z,0.26,0,0,0,20.91,33.27,12.032
acewinne,2023-07-27T06:55:00Z,0.37,0,0,0,19.83,39.05,12.045
acewinne,2023-07-27T07:10:00Z,0.18,0,0,0,18.5,50.53,12.477
acewinne,2023-07-27T07:25:00Z,0.26,0,0,0,18.57,45.82,11.93
acewinne,2023-07-27T08:40:00Z,0.19,0,0,0,17.17,62.59,12.773
acewinne,2023-07-27T09:15:00Z,0.21,0.1,0.1,1,16.19,62.57,11.881
acewinne,2023-07-27T10:15:00Z,0.12,0.127,0.05600000000000001,1,14.92,79.97,12.649
acewinne,2023-07-28T01:50:00Z,0.24,0,0,0,19.07,69.24,15.32
acewinne,2023-07-28T01:55:00Z,0.28,0.066,0.066,1,18.7,72.62,15.388
acewinne,2023-07-28T02:00:00Z,0.06,0.221,0.155,1,18.55,71.22,15.077
acewinne,2023-07-28T02:20:00Z,0.06,0.2,0.065,1,18.43,68.14,14.592
acewinne,2023-07-28T02:40:00Z,0.27,0.152,0.13899999999999998,1,17.66,78.68,15.127
acewinne,2023-07-28T02:45:00Z,0.13,0.36,0.208,1,17.53,80.2,15.181
acewinne,2023-07-28T02:55:00Z,0.34,0.299,0.10099999999999998,1,17.39,80.8,15.117
acewinne,2023-07-28T06:35:00Z,0.13,0.429,0.255,1,16.49,85.7,14.816
acewinne,2023-07-28T06:45:00Z,0.13,0.406,0.05400000000000005,1,16.17,89.1,14.894
acewinne,2023-07-28T06:50:00Z,0.2,0.484,0.07799999999999996,1,15.98,91.6,14.993
acewinne,2023-07-28T08:10:00Z,0.22,0.427,0.10799999999999998,1,15.78,87.9,14.374
acewinne,2023-07-28T08:20:00Z,0.05,0.409,0.123,1,15.56,89.2,14.306
acewinne,2023-07-29T01:50:00Z,0.32,0.297,0.16399999999999998,1,20.07,76.42,17.15
acewinne,2023-07-29T02:30:00Z,0.27,0.249,0.033,1,16.96,84.9,15.181
acewinne,2023-07-29T02:40:00Z,0.22,0.195,0.056999999999999995,1,16.4,85.7,14.728
acewinne,2023-07-30T04:40:00Z,0.37,0,0,0,18.34,NA,NA
acewinne,2023-07-30T04:45:00Z,7,0.658,0.658,1,17.81,83.6,15.853
acewinne,2023-08-05T22:55:00Z,2.57,0.03,0.03,1,21.82,64.27,17.218
acewinne,2023-08-05T23:00:00Z,1.69,0.111,0.081,1,19.9,75.29,16.848
acewinne,2023-08-05T23:05:00Z,0.47,0.175,0.06399999999999999,1,19.17,79.47,16.668
acewinne,2023-08-05T23:15:00Z,0.48,0.275,0.23200000000000004,1,17.28,82.9,15.258
acewinne,2023-08-05T23:45:00Z,0.45,0.229,0.05400000000000002,1,16.1,85.7,14.436
acewinne,2023-08-05T23:50:00Z,1.35,0.378,0.149,1,16.04,88.3,14.674
acewinne,2023-08-06T00:00:00Z,1.36,0.478,0.16899999999999998,1,15.84,91.9,14.889
acewinne,2023-08-06T00:15:00Z,0.68,0.332,0.0010000000000000009,1,16.83,87.6,15.368
acewinne,2023-08-06T00:30:00Z,0.05,0.268,0.0010000000000000009,1,17.31,84.6,15.486
acewinne,2023-08-06T00:40:00Z,0.46,0.368,0.19999999999999998,1,17.75,80.7,15.452
acewinne,2023-08-06T00:50:00Z,0.53,0.308,0.010000000000000009,1,17.09,87.5,15.611
acewinne,2023-08-06T01:00:00Z,0.25,0.331,0.025000000000000022,1,16.73,88.6,15.386
acewinne,2023-08-06T01:05:00Z,0.08,0.362,0.030999999999999972,1,16.6,90.5,15.479
acewinne,2023-08-06T02:00:00Z,0.19,0.226,0.05100000000000002,1,17.24,85.2,15.488
acewinne,2023-08-06T16:15:00Z,0.09,0.387,0.043999999999999984,1,18.62,75.73,15.689
acewinne,2023-08-06T17:05:00Z,0.16,0.464,0.04300000000000004,1,17.99,83,15.956
acewinne,2023-08-06T19:05:00Z,0.76,0.327,0.018000000000000016,1,15.72,87.5,14.27
acewinne,2023-08-06T19:10:00Z,0.33,0.397,0.07,1,15.45,90.2,14.311
acewinne,2023-08-06T19:15:00Z,0.82,0.459,0.062,1,15.3,91.2,14.276
acewinne,2023-08-06T19:25:00Z,0.64,0.436,0.016000000000000014,1,15.08,92.8,14.239
acewinne,2023-08-06T19:35:00Z,0.28,0.385,0.010000000000000009,1,15,93.1,14.193
acewinne,2023-08-06T19:40:00Z,0.31,0.48,0.09499999999999997,1,14.94,92.7,14.089
acewinne,2023-08-06T19:50:00Z,0.13,0.49,0.017000000000000015,1,14.88,93.4,14.108
acewinne,2023-08-06T20:05:00Z,0.18,0.473,0.033999999999999975,1,14.86,94.6,14.223
acewinne,2023-08-06T20:15:00Z,0.26,0.483,0.062,1,14.8,94.8,14.186
acewinne,2023-08-06T20:20:00Z,0.11,0.506,0.02300000000000002,1,14.74,95.2,14.171
acewinne,2023-08-06T20:25:00Z,0.17,0.514,0.008000000000000007,1,14.79,95.9,14.3
acewinne,2023-08-06T20:35:00Z,0.12,0.542,0.041000000000000036,1,14.9,96,14.421
acewinne,2023-08-06T20:40:00Z,0.1,0.546,0.0040000000000000036,1,15,95,14.408
acewinne,2023-08-06T20:50:00Z,0.15,0.531,0,0,15.3,94.7,14.673
acewinne,2023-08-10T06:50:00Z,0.37,0.257,0.059,1,16.1,87.5,14.642
acewinne,2023-08-10T06:55:00Z,0.75,0.283,0.025999999999999968,1,15.8,89.8,14.61
acewinne,2023-08-10T07:00:00Z,0.34,0.376,0.09300000000000003,1,15.7,91.2,14.671
acewinne,2023-08-10T07:20:00Z,0.18,0.329,0.015000000000000013,1,15.81,92.4,14.917
acewinne,2023-08-13T02:00:00Z,0.29,0.252,0.162,1,15.83,81.8,13.73
acewinne,2023-08-13T02:25:00Z,0.25,0.3,0.010000000000000009,1,15.2,86.5,13.648
acewinne,2023-08-20T04:10:00Z,0.06,0.02,0.02,1,14.7,75.89,11.989
acewinne,2023-08-20T04:30:00Z,0.17,0.129,0.037000000000000005,1,13.72,82.1,11.726
acewinne,2023-08-20T04:35:00Z,0.12,0.235,0.10599999999999998,1,13.56,85.6,11.949
acewinne,2023-08-20T05:40:00Z,0.12,0.193,0.08800000000000001,1,13.32,81.3,11.255
acewinne,2023-08-20T05:45:00Z,0.07,0.193,0,0,13.2,81.8,11.192
acewinne,2023-08-20T06:00:00Z,0.06,0.229,0.11900000000000001,1,12.77,88.7,11.509
acewinne,2023-08-20T10:20:00Z,0.09,0.274,0.010000000000000009,1,12.9,87.2,11.477
acewinne,2023-08-20T12:30:00Z,0.09,0.372,0.0030000000000000027,1,12.19,96,11.715
acewinne,2023-08-20T13:25:00Z,0.05,0.393,0,0,12.4,96.4,11.968
acewinne,2023-08-20T14:10:00Z,0.06,0.506,0.07200000000000001,1,12.7,96.4,12.267
acewinne,2023-08-20T17:50:00Z,0.08,0.439,0.043999999999999984,1,13.23,93.7,12.503
acewinne,2023-08-20T17:55:00Z,0.06,0.473,0.033999999999999975,1,13.11,94.1,12.427
acewinne,2023-08-20T18:10:00Z,0.06,0.424,0.032999999999999974,1,13.01,94.3,12.349
acewinne,2023-08-20T18:15:00Z,0.11,0.445,0.02100000000000002,1,13,95.1,12.426
acewinne,2023-08-20T18:20:00Z,0.13,0.476,0.030999999999999972,1,13,94.9,12.404
acewinne,2023-08-20T18:25:00Z,0.15,0.486,0.010000000000000009,1,13,95.1,12.426
acewinne,2023-08-20T18:35:00Z,0.15,0.473,0,0,13.1,95.8,12.602
acewinne,2023-08-20T18:45:00Z,0.18,0.483,0.030999999999999972,1,13.1,95.8,12.602
acewinne,2023-08-20T18:50:00Z,0.18,0.503,0.020000000000000018,1,13.1,95.7,12.591
acewinne,2023-08-20T18:55:00Z,0.11,0.534,0.031000000000000028,1,13.1,96.5,12.678
acewinne,2023-08-20T19:15:00Z,0.14,0.655,0.08200000000000007,1,13.45,95.5,12.918
acewinne,2023-08-20T19:25:00Z,0.13,0.58,0.09199999999999997,1,13.6,95.6,13.079
acewinne,2023-08-20T20:10:00Z,0.12,0.625,0.15100000000000002,1,13.78,95.6,13.258
acewinne,2023-08-20T20:55:00Z,0.06,0.546,0.11300000000000004,1,13.69,95.9,13.202
acewinne,2023-08-20T21:00:00Z,0.11,0.605,0.05899999999999994,1,13.73,96,13.253
acewinne,2023-08-20T21:30:00Z,0.07,0.561,0.062000000000000055,1,13.9,95.6,13.378
acewinne,2023-08-20T21:50:00Z,0.06,0.558,0.049000000000000044,1,13.93,96.1,13.463
acewinne,2023-08-20T22:25:00Z,0.08,0.566,0.09899999999999992,1,14.36,94.5,13.714
acewinne,2023-08-21T02:40:00Z,0.06,0.499,0.020000000000000018,1,14.6,96.6,14.189
acewinne,2023-08-21T03:05:00Z,0.06,0.53,0.07200000000000001,1,14.6,96.9,14.223
acewinne,2023-08-21T03:20:00Z,0.05,0.512,0.05099999999999999,1,14.5,96.8,14.111
acewinne,2023-08-21T03:25:00Z,0.15,0.522,0.010000000000000009,1,14.5,97.1,14.145
acewinne,2023-08-21T03:35:00Z,0.09,0.533,0.02100000000000002,1,14.5,97.7,14.212
acewinne,2023-08-21T03:45:00Z,0.05,0.525,0.0030000000000000027,1,14.5,97.6,14.201
acewinne,2023-08-21T04:05:00Z,0.09,0.505,0.04099999999999998,1,14.39,97.5,14.08
acewinne,2023-08-21T04:20:00Z,0.05,0.484,0.007000000000000006,1,14.4,98,14.146
acewinne,2023-08-21T04:30:00Z,0.05,0.495,0.04099999999999998,1,14.4,98.2,14.168
acewinne,2023-08-21T04:55:00Z,0.06,0.518,0.04400000000000004,1,14.37,98.2,14.138
acewinne,2023-08-21T05:15:00Z,0.05,0.477,0.009999999999999953,1,14.3,98.3,14.079
acewinne,2023-08-21T05:25:00Z,0.06,0.528,0.020000000000000018,1,14.3,98.2,14.068
acewinne,2023-08-21T07:35:00Z,0.07,0.5,0.010000000000000009,1,14.2,97.9,13.934
acewinne,2023-08-21T11:05:00Z,0.14,0.407,0,0,13.9,98.5,13.7
acewinne,2023-08-21T11:10:00Z,0.06,0.448,0.041000000000000036,1,13.9,98.5,13.7
acewinne,2023-08-21T13:55:00Z,0.05,0.449,0,0,14.2,97.3,13.867
acewinne,2023-08-21T14:00:00Z,0.05,0.531,0.08200000000000002,1,14.24,97.5,13.929
acewinne,2023-08-21T14:15:00Z,0.06,0.446,0.010000000000000009,1,14.3,97.3,13.967
acewinne,2023-08-21T16:00:00Z,0.05,0.62,0.12,1,15.31,95.9,14.819
acewinne,2023-09-04T16:25:00Z,0.29,0.253,0.05399999999999999,1,13.93,92.7,13.088
acewinne,2023-09-04T16:40:00Z,0.25,0.31,0.10500000000000001,1,13.73,93.1,12.933
acewinne,2023-09-04T16:45:00Z,0.19,0.328,0.018000000000000016,1,13.8,92.9,12.981
acewinne,2023-09-04T17:00:00Z,0.25,0.318,0.03400000000000003,1,13.88,91.2,12.873
acewinne,2023-09-04T17:15:00Z,0.17,0.299,0.022999999999999965,1,13.45,92,12.536
acewinne,2023-09-04T18:05:00Z,0.16,0.433,0.02699999999999997,1,13.68,92.1,12.774
acewinne,2023-09-08T09:55:00Z,0.07,0,0,0,13.71,68.48,10.259
acewinne,2023-09-08T10:00:00Z,0.06,0,0,0,13.69,71.11,10.52
acewinne,2023-09-08T10:10:00Z,0.1,0,0,0,12.86,79.94,10.668
acewinne,2023-09-08T10:15:00Z,0.06,0,0,0,12.66,83.3,10.829
acewinne,2023-09-08T10:20:00Z,0.05,0,0,0,12.74,81.7,10.738
acewinne,2023-09-08T10:25:00Z,0.11,0.042,0.042,1,12.87,79.73,10.656
acewinne,2023-09-08T10:45:00Z,0.09,0.107,0.051,1,12.66,85.7,11.083
acewinne,2023-09-08T15:30:00Z,0.12,0.237,0.09,1,14.75,75.75,12.021
acewinne,2023-09-09T02:35:00Z,0.15,0.472,0.365,1,16.87,79.79,14.5
acewinne,2023-09-09T02:50:00Z,0.13,0,0,0,18.06,68.9,14.341
acewinne,2023-09-09T02:55:00Z,0.11,0.192,0.192,1,16.5,80,14.169
acewinne,2023-09-21T07:30:00Z,0.07,0,0,0,12.37,68.38,9.006
acewinne,2023-09-21T07:35:00Z,0.07,0,0,0,12.05,71.44,9.02
acewinne,2023-09-21T09:25:00Z,0.13,0,0,0,11.35,76.8,8.902
acewinne,2023-09-21T09:35:00Z,0.06,0.002,0.002,1,11.06,79.09,8.855
acewinne,2023-09-21T09:45:00Z,0.09,0.036,0.036,1,10.8,81.1,8.807
acewinne,2023-09-21T10:00:00Z,0.08,0,0,0,10.59,79.48,8.443
acewinne,2023-09-21T10:05:00Z,0.07,0.007,0.007,1,10.39,78.68,8.173
acewinne,2023-09-21T17:30:00Z,0.09,0.152,0.05099999999999999,1,7.98,94.7,7.384
acewinne,2023-09-21T17:40:00Z,0.1,0.178,0.031,1,8,95.1,7.443
acewinne,2023-09-22T06:45:00Z,0.26,0.141,0.07899999999999999,1,11.17,88,9.866
acewinne,2023-09-22T06:50:00Z,0.23,0.165,0.02400000000000002,1,11.03,89.4,9.873
acewinne,2023-09-22T06:55:00Z,0.97,0.196,0.031,1,10.91,91,9.919
acewinne,2023-09-22T07:05:00Z,0.6,0.162,0.026999999999999996,1,10.74,93.9,10.049
acewinne,2023-09-22T07:10:00Z,0.3,0.182,0.01999999999999999,1,10.82,93.9,10.129
acewinne,2023-09-22T07:15:00Z,0.23,0.301,0.119,1,10.89,94.5,10.261
acewinne,2023-09-22T07:35:00Z,0.51,0.332,0.18400000000000002,1,10.9,96,10.427
acewinne,2023-09-22T07:45:00Z,0.45,0.203,0.0040000000000000036,1,10.8,96.3,10.358
acewinne,2023-09-22T08:00:00Z,0.49,0.196,0.099,1,10.81,96.6,10.399
acewinne,2023-09-22T08:05:00Z,0.57,0.264,0.068,1,10.74,96.5,10.319
acewinne,2023-09-22T08:20:00Z,0.57,0.243,0.03,1,10.8,96.7,10.4
acewinne,2023-09-22T08:30:00Z,0.69,0.243,0.061,1,10.8,97.2,10.452
acewinne,2023-09-22T08:45:00Z,0.44,0.261,0.038000000000000006,1,10.75,96.9,10.371
acewinne,2023-09-22T08:55:00Z,0.23,0.163,0.007000000000000006,1,10.48,96.7,10.08
acewinne,2023-09-22T09:00:00Z,0.08,0.21,0.046999999999999986,1,10.57,96.5,10.149
acewinne,2023-09-22T09:05:00Z,0.12,0.24,0.03,1,10.63,95.8,10.136
acewinne,2023-09-22T09:15:00Z,0.12,0.22,0.0040000000000000036,1,10.65,95.4,10.115
acewinne,2023-09-22T09:50:00Z,0.1,0.234,0.010000000000000009,1,10.5,95.7,9.996
acewinne,2023-09-22T09:55:00Z,0.78,0.238,0.003999999999999976,1,10.47,95.9,9.987
acewinne,2023-09-22T10:00:00Z,0.27,0.248,0.010000000000000009,1,10.4,96.3,9.958
acewinne,2023-09-22T10:05:00Z,0.37,0.264,0.016000000000000014,1,10.46,96.6,10.049
acewinne,2023-09-22T10:15:00Z,0.17,0.254,0.03,1,10.5,96.8,10.11
acewinne,2023-09-22T10:40:00Z,0.07,0.243,0.03,1,10.8,95.9,10.316
acewinne,2023-09-22T11:00:00Z,0.05,0.291,0.04099999999999998,1,10.9,96,10.427
acewinne,2023-09-22T11:35:00Z,0.23,0.253,0.007000000000000006,1,11.02,96.9,10.641
acewinne,2023-09-22T11:40:00Z,0.17,0.304,0.05099999999999999,1,11.1,97.1,10.742
acewinne,2023-09-22T12:00:00Z,0.17,0.27,0.010000000000000009,1,11.2,97.2,10.852
acewinne,2023-09-22T12:55:00Z,0.07,0.301,0,0,11.2,97.8,10.915
acewinne,2023-09-22T13:25:00Z,0.08,0.287,0.04799999999999999,1,11.27,98.3,11.038
acewinne,2023-09-22T13:35:00Z,0.07,0.304,0.030999999999999972,1,11.4,98.6,11.201
acewinne,2023-09-22T13:50:00Z,0.07,0.297,0.010000000000000009,1,11.6,98.8,11.423
acewinne,2023-09-22T14:00:00Z,0.06,0.392,0.119,1,11.77,98.9,11.604
acewinne,2023-09-22T18:50:00Z,0.19,0.293,0.012999999999999956,1,13.64,90.6,12.571
acewinne,2023-09-22T19:15:00Z,0.11,0.323,0.0030000000000000027,1,13.39,93,12.585
acewinne,2023-09-22T19:25:00Z,0.21,0.36,0.062,1,13.1,93.6,12.363
acewinne,2023-09-22T19:35:00Z,0.06,0.347,0.007999999999999952,1,13.18,93.1,12.388
acewinne,2023-09-22T19:55:00Z,0.25,0.377,0.030000000000000027,1,13.2,92.5,12.342
acewinne,2023-09-22T20:00:00Z,0.47,0.408,0.030999999999999972,1,13.15,92.9,12.336
acewinne,2023-09-22T20:10:00Z,0.12,0.449,0.123,1,13.2,93.6,12.462
acewinne,2023-09-22T20:20:00Z,0.25,0.332,0.04400000000000004,1,13.04,93.3,12.27
acewinne,2023-09-22T20:25:00Z,0.32,0.414,0.08199999999999996,1,13,94,12.307
acewinne,2023-09-22T20:35:00Z,0.49,0.445,0.08900000000000002,1,12.96,94.4,12.31
acewinne,2023-09-22T20:50:00Z,0.07,0.347,0.023999999999999966,1,13.29,95.2,12.726
acewinne,2023-09-22T21:00:00Z,0.06,0.38,0.04099999999999998,1,13.1,93.4,12.341
acewinne,2023-09-22T21:10:00Z,0.07,0.421,0,0,13.11,93.3,12.34
acewinne,2023-09-22T21:20:00Z,0.06,0.397,0.03700000000000003,1,13,92.1,12.101
acewinne,2023-09-22T21:30:00Z,0.12,0.4,0.09200000000000003,1,12.8,92.7,11.968
acewinne,2023-09-22T21:45:00Z,0.23,0.339,0.051000000000000045,1,12.8,94.6,12.172
acewinne,2023-09-22T21:50:00Z,0.06,0.393,0.05399999999999999,1,12.76,94.3,12.1
acewinne,2023-09-22T22:05:00Z,0.28,0.359,0.023999999999999966,1,12.56,96.2,12.106
acewinne,2023-09-22T22:20:00Z,0.47,0.352,0.02799999999999997,1,12.23,96.4,11.798
acewinne,2023-09-22T22:30:00Z,0.46,0.341,0.020000000000000018,1,12.1,97,11.732
acewinne,2023-09-22T22:35:00Z,0.32,0.426,0.08499999999999996,1,12.07,97.1,11.713
acewinne,2023-09-22T22:45:00Z,0.26,0.406,0.014000000000000012,1,12.03,96.9,11.651
acewinne,2023-09-22T22:55:00Z,0.37,0.375,0.010000000000000009,1,12,96.8,11.61
acewinne,2023-09-22T23:00:00Z,0.3,0.416,0.04099999999999998,1,12,97.3,11.664
acewinne,2023-09-22T23:10:00Z,0.75,0.314,0.031000000000000028,1,12,97.1,11.643
acewinne,2023-09-22T23:15:00Z,0.49,0.338,0.02400000000000002,1,11.97,97.3,11.634
acewinne,2023-09-22T23:20:00Z,0.42,0.368,0.02999999999999997,1,11.88,96.6,11.469
acewinne,2023-09-22T23:30:00Z,0.4,0.348,0,0,11.9,96.9,11.521
acewinne,2023-09-22T23:35:00Z,0.3,0.358,0.010000000000000009,1,11.9,96.8,11.51
acewinne,2023-09-22T23:40:00Z,0.2,0.379,0.02100000000000002,1,11.9,96.7,11.5
acewinne,2023-09-22T23:45:00Z,0.18,0.409,0.02999999999999997,1,11.9,96.1,11.436
acewinne,2023-09-23T00:00:00Z,0.47,0.348,0.030999999999999972,1,11.9,96.7,11.5
acewinne,2023-09-23T00:10:00Z,0.4,0.351,0.033999999999999975,1,11.83,96.7,11.43
acewinne,2023-09-23T00:20:00Z,0.19,0.365,0.05399999999999999,1,11.73,96.6,11.319
acewinne,2023-09-23T00:35:00Z,0.06,0.365,0.007000000000000006,1,11.66,96.9,11.281
acewinne,2023-09-23T01:45:00Z,0.17,0.328,0.031000000000000028,1,11.9,97.3,11.564
acewinne,2023-09-23T01:50:00Z,0.18,0.368,0.03999999999999998,1,11.9,97.6,11.596
acewinne,2023-09-23T01:55:00Z,0.05,0.389,0.02100000000000002,1,11.9,97.6,11.596
acewinne,2023-09-23T04:05:00Z,0.07,0.379,0.04099999999999998,1,11.9,97.5,11.585
acewinne,2023-09-23T05:30:00Z,0.09,0.396,0,0,12,97.8,11.717
acewinne,2023-09-23T05:55:00Z,0.05,0.426,0.09199999999999997,1,12,98,11.739
acewinne,2023-09-23T06:30:00Z,0.07,0.399,0.10200000000000004,1,11.9,97.3,11.564
acewinne,2023-09-23T19:40:00Z,0.13,0.511,0.03500000000000003,1,14.09,94,13.39
acewinne,2023-10-02T01:00:00Z,0.06,0.255,0.08499999999999999,1,8.14,95.5,7.622
acewinne,2023-10-03T05:40:00Z,0.26,0.195,0,0,11.47,90.4,10.409
acewinne,2023-10-03T05:50:00Z,0.12,0.253,0.089,1,11.32,91.8,10.407
acewinne,2023-10-03T06:30:00Z,0.07,0.365,0.07500000000000001,1,11.18,93.7,10.466
acewinne,2023-10-03T17:30:00Z,0.14,0.354,0.05099999999999999,1,10,85.4,8.46
acewinne,2023-10-03T17:35:00Z,0.12,0.354,0,0,9.95,86.1,8.481
acewinne,2023-10-03T18:00:00Z,0.12,0.39,0.02300000000000002,1,10.35,88.4,9.103
acewinne,2023-10-03T18:35:00Z,0.17,0.543,0.038000000000000034,1,10.62,85.9,9.115
acewinne,2023-10-05T00:40:00Z,0.13,0.167,0.027999999999999997,1,9.41,77.7,7.142
acewinne,2023-10-05T01:45:00Z,0.06,0.281,0.020000000000000018,1,8.2,89.1,7.06
acewinne,2023-10-11T15:20:00Z,0.06,0.173,0.16299999999999998,1,10.4,84.4,8.75
acewinne,2023-10-11T15:35:00Z,0.36,0.148,0.046999999999999986,1,10.82,86.3,9.35
acewinne,2023-10-11T15:40:00Z,0.38,0.212,0.064,1,10.92,86.8,9.499
acewinne,2023-10-11T15:50:00Z,0.15,0.301,0.129,1,11.16,85.9,9.641
acewinne,2023-10-11T16:10:00Z,0.13,0.274,0.018000000000000016,1,11.24,85.3,9.658
acewinne,2023-10-11T16:15:00Z,0.06,0.328,0.05399999999999999,1,11.01,87.1,9.617
acewinne,2023-10-11T16:20:00Z,0.28,0.372,0.043999999999999984,1,10.89,87.5,9.541
acewinne,2023-10-12T14:00:00Z,0.1,0.289,0.04099999999999998,1,6.8,96.7,6.399
acewinne,2023-10-12T14:10:00Z,0.06,0.324,0.05099999999999999,1,6.7,97,6.328
acewinne,2023-10-12T14:20:00Z,0.07,0.308,0.065,1,6.631,97.1,6.269
acewinne,2023-10-12T15:05:00Z,0.24,0.336,0,0,6.4,97.2,6.047
acewinne,2023-10-12T15:15:00Z,0.17,0.367,0.04099999999999998,1,6.4,97.4,6.066
acewinne,2023-10-12T15:25:00Z,0.07,0.407,0.08099999999999996,1,6.4,96.9,6.018
acewinne,2023-10-12T15:35:00Z,0.2,0.362,0.035999999999999976,1,6.435,97,6.063
acewinne,2023-10-12T15:40:00Z,0.06,0.362,0,0,6.5,97.1,6.137
acewinne,2023-10-12T15:55:00Z,0.28,0.409,0.10099999999999998,1,6.573,96.6,6.163
acewinne,2023-10-12T16:05:00Z,0.22,0.389,0.041000000000000036,1,6.601,97,6.229
acewinne,2023-10-12T16:15:00Z,0.23,0.35,0.006000000000000005,1,6.775,97.3,6.432
acewinne,2023-10-12T16:25:00Z,0.11,0.319,0.010000000000000009,1,6.8,96.5,6.38
acewinne,2023-10-12T16:30:00Z,0.25,0.405,0.08600000000000002,1,6.727,96.4,6.298
acewinne,2023-10-12T16:35:00Z,0.26,0.409,0.003999999999999948,1,6.655,96.4,6.226
acewinne,2023-10-12T16:50:00Z,0.07,0.409,0.030999999999999972,1,6.6,96.1,6.142
acewinne,2023-10-12T16:55:00Z,0.06,0.415,0.006000000000000005,1,6.649,95.9,6.172
acewinne,2023-10-12T17:05:00Z,0.18,0.4,0.016000000000000014,1,6.715,95.8,6.229
acewinne,2023-10-12T18:45:00Z,0.06,0.459,0.08100000000000002,1,6.599,96.3,6.16
acewinne,2023-10-12T18:55:00Z,0.05,0.439,0.030000000000000027,1,6.6,96.3,6.161
acewinne,2023-10-12T19:30:00Z,0.07,0.405,0.041000000000000036,1,6.685,94.9,6.113
acewinne,2023-10-12T22:25:00Z,0.07,0.394,0.040000000000000036,1,6.7,97.3,6.357
acewinne,2023-10-12T22:30:00Z,0.06,0.439,0.044999999999999984,1,6.635,97.1,6.272
acewinne,2023-10-12T22:40:00Z,0.16,0.389,0.025000000000000022,1,6.623,97.3,6.279
acewinne,2023-10-12T22:50:00Z,0.2,0.393,0.07500000000000001,1,6.55,97.3,6.206
acewinne,2023-10-12T23:05:00Z,0.08,0.468,0.11100000000000004,1,6.4,97.3,6.056
acewinne,2023-10-12T23:30:00Z,0.08,0.365,0.010000000000000009,1,6.2,97.6,5.884
acewinne,2023-10-12T23:45:00Z,0.08,0.481,0.14599999999999996,1,6.155,97.8,5.858
acewinne,2023-10-13T00:05:00Z,0.08,0.394,0.03400000000000003,1,6.089,97.9,5.801
acewinne,2023-10-13T00:35:00Z,0.07,0.405,0.051000000000000045,1,6.014,97.8,5.717
acewinne,2023-10-13T01:00:00Z,0.05,0.398,0.05499999999999999,1,5.702,97.3,5.357
acewinne,2023-10-13T01:10:00Z,0.05,0.396,0.065,1,5.551,97.5,5.225
acewinne,2023-10-13T01:25:00Z,0.05,0.35,0.0040000000000000036,1,5.445,97.6,5.128
acewinne,2023-10-13T01:50:00Z,0.08,0.355,0.010000000000000009,1,5.3,97.8,5.001
acewinne,2023-10-13T02:10:00Z,0.09,0.365,0.07100000000000001,1,5.3,97.5,4.973
acewinne,2023-10-13T02:55:00Z,0.07,0.335,0.010000000000000009,1,5.3,97.6,4.982
acewinne,2023-10-13T03:05:00Z,0.06,0.305,0,0,5.3,97.2,4.945
acewinne,2023-10-23T05:10:00Z,0.06,0.026,0.026,1,7.5,83.8,5.877
acewinne,2023-10-23T05:20:00Z,0.06,0.051,0.045,1,7.463,85.4,5.989
acewinne,2023-10-23T05:25:00Z,0.06,0.146,0.095,1,7.392,87.5,6.116
acewinne,2023-10-23T05:35:00Z,0.06,0.13,0.035,1,7.254,89.8,6.196
acewinne,2023-10-23T05:50:00Z,0.06,0.185,0.067,1,7.057,91.1,6.124
acewinne,2023-10-23T06:10:00Z,0.08,0.26,0.121,1,6.983,91.9,6.126
acewinne,2023-10-23T07:00:00Z,0.06,0.267,0.05500000000000002,1,6.66,89.7,5.602
acewinne,2023-10-23T08:25:00Z,0.16,0.292,0.05499999999999999,1,4.785,94.5,4.185
acewinne,2023-10-23T08:30:00Z,0.21,0.322,0.030000000000000027,1,4.7,95.2,4.163
acewinne,2023-10-23T08:35:00Z,0.26,0.332,0.010000000000000009,1,4.7,95.6,4.199
acewinne,2023-10-23T08:45:00Z,0.11,0.342,0.040000000000000036,1,4.7,95.8,4.217
acewinne,2023-10-23T08:50:00Z,0.16,0.358,0.01599999999999996,1,4.746,95.9,4.273
acewinne,2023-10-23T08:55:00Z,0.17,0.358,0,0,4.794,95.8,4.311
acewinne,2023-10-23T09:00:00Z,0.13,0.358,0,0,4.8,95.9,4.326
acewinne,2023-10-23T09:10:00Z,0.15,0.338,0.02100000000000002,1,4.8,96,4.335
acewinne,2023-10-23T09:20:00Z,0.06,0.333,0.006000000000000005,1,4.814,96.5,4.395
acewinne,2023-10-23T09:25:00Z,0.28,0.398,0.065,1,4.874,96.5,4.455
acewinne,2023-10-23T09:40:00Z,0.11,0.347,0.05499999999999999,1,4.631,95.6,4.131
acewinne,2023-10-23T09:50:00Z,0.06,0.337,0.010000000000000009,1,4.6,96.6,4.19
acewinne,2023-10-23T09:55:00Z,0.13,0.372,0.034999999999999976,1,4.633,96.9,4.25
acewinne,2023-10-23T10:05:00Z,0.11,0.362,0,0,4.7,96.1,4.245
acewinne,2023-10-23T10:20:00Z,0.06,0.383,0.05099999999999999,1,4.7,95.5,4.19
acewinne,2023-10-23T10:40:00Z,0.26,0.367,0.061,1,4.6,95.9,4.127
acewinne,2023-10-23T10:50:00Z,0.21,0.347,0.024999999999999967,1,4.602,95.9,4.129
acewinne,2023-10-23T11:10:00Z,0.16,0.382,0.04099999999999998,1,4.5,95.7,4.009
acewinne,2023-10-23T13:30:00Z,0.06,0.376,0.06,1,4.4,95.6,3.9
acewinne,2023-10-23T14:20:00Z,0.11,0.34,0.010000000000000009,1,4.1,95.7,3.61
acewinne,2023-10-24T20:50:00Z,0.09,0.325,0.010000000000000009,1,-0.08,93.9,-0.705
acewinne,2023-10-24T21:10:00Z,0.07,0.223,0.125,1,-0.51,93.2,-1.187
acewinne,2023-10-24T21:30:00Z,0.07,0.23,0.006000000000000005,1,-0.806,93.2,-1.481
acewinne,2023-10-24T21:45:00Z,0.08,0.321,0.10500000000000001,1,-1.053,91.9,-1.825
acewinne,2023-10-24T22:20:00Z,0.08,0.173,0.005999999999999978,1,-1.248,93.4,-1.904
acewinne,2023-10-24T22:30:00Z,0.06,0.408,0.24899999999999997,1,-1.416,93.9,-2.033
acewinne,2023-10-24T22:40:00Z,0.06,0.544,0.07600000000000001,1,-1.412,94.6,-1.976
acewinne,2023-10-24T23:40:00Z,0.12,0.846,0.030000000000000027,1,-1.9,95.2,-2.416
acewinne,2023-10-25T00:05:00Z,0.09,0.638,0.09999999999999998,1,-2.6,95.6,-3.084
acewinne,2023-10-25T00:10:00Z,0.06,0.67,0.03200000000000003,1,-2.662,95.5,-3.153
acewinne,2023-10-25T00:20:00Z,0.09,0.976,0.493,1,-3.075,95.1,-3.595
acewinne,2023-10-25T00:40:00Z,0.05,1.576,0.10899999999999999,1,-3.5,95.2,-4.011
acewinne,2023-10-25T02:00:00Z,0.09,1.584,0.049000000000000155,1,-3.8,94.7,-4.346
acewinne,2023-10-25T02:05:00Z,0.06,1.769,0.18499999999999983,1,-3.822,94.7,-4.368
acewinne,2023-10-25T02:35:00Z,0.12,1.831,0.08599999999999985,1,-4.008,94.2,-4.588
acewinne,2023-10-25T03:45:00Z,0.09,2.087,0.006000000000000227,1,-4.384,94.3,-4.955
acewinne,2023-10-25T04:20:00Z,0.08,2.176,0.01200000000000001,1,-4.758,94.2,-5.334
acewinne,2023-10-25T04:40:00Z,0.08,2.31,0.006000000000000227,1,-5.3,93.5,-5.92
acewinne,2023-10-25T05:55:00Z,0.08,2.921,0,0,-5.9,93.2,-6.536
acewinne,2023-10-25T06:10:00Z,0.11,3.068,0.254,1,-6.167,92.6,-6.84
acewinne,2023-10-25T06:15:00Z,0.12,3.113,0.04499999999999993,1,-6.289,92.6,-6.961
acewinne,2023-10-25T06:20:00Z,0.09,3.173,0.06000000000000005,1,-6.3,93.2,-6.933
acewinne,2023-10-25T06:40:00Z,0.17,3.215,0.09899999999999975,1,-6.5,92.9,-7.151
acewinne,2023-10-25T06:45:00Z,0.05,3.297,0.0820000000000003,1,-6.478,93.2,-7.109
acewinne,2023-10-25T06:50:00Z,0.06,3.436,0.1389999999999998,1,-6.4,93.4,-7.019
acewinne,2023-10-25T07:00:00Z,0.12,3.537,0.10499999999999998,1,-6.575,92.7,-7.238
acewinne,2023-10-25T07:10:00Z,0.07,3.622,0.125,1,-6.695,92.6,-7.363
acewinne,2023-10-25T07:15:00Z,0.05,3.731,0.10899999999999999,1,-6.7,92.6,-7.368
acewinne,2023-10-25T07:25:00Z,0.09,3.855,0.097999999999999865,1,-6.8,92.6,-7.467
acewinne,2023-10-25T07:40:00Z,0.14,4.085,0.46999999999999975,1,-6.941,92.2,-7.632
acewinne,2023-10-25T08:10:00Z,0.18,4.234,0.04900000000000038,1,-7.5,91.8,-8.21
acewinne,2023-10-25T08:35:00Z,0.06,4.122,0.11800000000000033,1,-7.6,91.8,-8.309
acewinne,2023-10-25T09:10:00Z,0.14,5.12,0.5129999999999999,1,-7.8,91.9,-8.501
acewinne,2023-10-25T09:20:00Z,0.13,5.343,0.19700000000000006,1,-7.9,91.6,-8.618
acewinne,2023-10-25T09:40:00Z,0.15,7.061,0.48299999999999965,1,-8.3,91.3,-9.031
acewinne,2023-10-25T09:50:00Z,0.19,7.573,0.20700000000000074,1,-8.3,91.3,-9.031
acewinne,2023-10-25T10:05:00Z,0.15,8.23,0.5290000000000008,1,-8.34,91.3,-9.07
acewinne,2023-10-25T10:15:00Z,0.13,8.22,0.22000000000000064,1,-8.43,91.4,-9.153
acewinne,2023-10-25T10:20:00Z,0.13,8.34,0.11999999999999922,1,-8.5,91.5,-9.217
acewinne,2023-10-25T10:25:00Z,0.09,8.54,0.1999999999999993,1,-8.46,91.6,-9.171
acewinne,2023-10-25T10:35:00Z,0.14,8.79,0.05999999999999872,1,-8.53,91.4,-9.252
acewinne,2023-10-25T10:40:00Z,0.12,8.97,0.1800000000000015,1,-8.57,91.5,-9.286
acewinne,2023-10-25T10:45:00Z,0.11,9.17,0.1999999999999993,1,-8.62,91.2,-9.353
acewinne,2023-10-25T10:55:00Z,0.16,9.41,0.05000000000000071,1,-8.8,91.2,-9.53
acewinne,2023-10-25T11:00:00Z,0.1,10.04,0.629999999999999,1,-8.8,91.3,-9.525
acewinne,2023-10-25T11:15:00Z,0.12,10.06,0.030000000000001137,1,-8.87,91.2,-9.6
acewinne,2023-10-25T11:20:00Z,0.11,10.19,0.129999999999999,1,-8.9,91.3,-9.624
acewinne,2023-10-25T11:25:00Z,0.11,10.33,0.14000000000000057,1,-8.9,91.2,-9.629
acewinne,2023-10-25T11:35:00Z,0.15,10.64,0.2599999999999998,1,-8.9,91.2,-9.629
acewinne,2023-10-25T11:40:00Z,0.11,10.75,0.10999999999999943,1,-8.9,91.2,-9.629
acewinne,2023-10-25T11:45:00Z,0.14,10.97,0.22000000000000064,1,-8.95,91.2,-9.679
acewinne,2023-10-25T11:55:00Z,0.15,11.28,0.17999999999999972,1,-9,91.2,-9.728
acewinne,2023-10-25T12:05:00Z,0.06,11.55,0.3600000000000012,1,-8.9,91.3,-9.624
acewinne,2023-10-25T12:10:00Z,0.2,11.76,0.20999999999999908,1,-8.9,91.3,-9.624
acewinne,2023-10-25T12:15:00Z,0.11,12.01,0.25,1,-8.9,91.3,-9.624
acewinne,2023-10-25T12:20:00Z,0.08,12.28,0.2699999999999996,1,-8.9,91.3,-9.624
acewinne,2023-10-25T12:25:00Z,0.13,12.53,0.25,1,-8.9,91.3,-9.624
acewinne,2023-10-25T12:35:00Z,0.16,12.4,0.040000000000000924,1,-8.89,91.5,-9.602
acewinne,2023-10-25T12:40:00Z,0.05,12.46,0.0600000000000005,1,-8.86,91.4,-9.578
acewinne,2023-10-25T12:45:00Z,0.06,13.05,0.5899999999999999,1,-8.8,91.4,-9.519
acewinne,2023-10-25T12:50:00Z,0.08,13.16,0.10999999999999943,1,-8.81,91.4,-9.529
acewinne,2023-10-25T12:55:00Z,0.13,13.34,0.17999999999999972,1,-8.9,91.3,-9.624
acewinne,2023-10-25T13:00:00Z,0.06,13.45,0.10999999999999943,1,-8.9,91.4,-9.618
acewinne,2023-10-25T13:05:00Z,0.16,13.48,0.030000000000001137,1,-8.9,91.3,-9.624
acewinne,2023-10-25T13:10:00Z,0.06,13.69,0.20999999999999908,1,-8.9,91.2,-9.629
acewinne,2023-10-25T13:15:00Z,0.12,13.74,0.05000000000000071,1,-9,91.1,-9.734
acewinne,2023-10-25T13:20:00Z,0.11,13.91,0.16999999999999993,1,-9.06,91.1,-9.793
acewinne,2023-10-25T13:25:00Z,0.05,13.97,0.0600000000000005,1,-9.1,91.1,-9.833
acewinne,2023-10-25T13:30:00Z,0.11,14.15,0.17999999999999972,1,-9.1,91.1,-9.833
acewinne,2023-10-25T13:40:00Z,0.06,14.29,0.25,1,-9.1,91.1,-9.833
acewinne,2023-10-25T13:45:00Z,0.17,14.4,0.11000000000000121,1,-9.2,90.9,-9.943
acewinne,2023-10-25T13:50:00Z,0.07,14.62,0.21999999999999886,1,-9.2,91,-9.937
acewinne,2023-10-25T14:00:00Z,0.12,15.32,0.4399999999999995,1,-9.3,90.9,-10.041
acewinne,2023-10-25T14:05:00Z,0.1,15.5,0.17999999999999972,1,-9.3,91,-10.036
acewinne,2023-10-25T14:20:00Z,0.13,16.51,0.3100000000000023,1,-9.4,90.8,-10.146
acewinne,2023-10-25T14:25:00Z,0.06,16.54,0.029999999999997584,1,-9.38,91,-10.115
acewinne,2023-10-25T14:55:00Z,0.11,17.05,0.26000000000000156,1,-9.6,90.7,-10.348
acewinne,2023-10-25T15:05:00Z,0.16,17.21,0.13000000000000256,1,-9.8,90.5,-10.557
acewinne,2023-10-25T15:15:00Z,0.07,17.26,0.3200000000000003,1,-9.7,90.7,-10.447
acewinne,2023-10-25T15:25:00Z,0.07,17.55,0.370000000000001,1,-9.7,90.7,-10.447
acewinne,2023-10-25T15:30:00Z,0.05,17.72,0.16999999999999815,1,-9.7,90.6,-10.453
acewinne,2023-10-25T15:35:00Z,0.12,17.79,0.07000000000000028,1,-9.7,90.6,-10.453
acewinne,2023-10-25T16:15:00Z,0.1,17.13,0.10999999999999943,1,-9.94,90.4,-10.7
acewinne,2023-10-25T16:20:00Z,0.1,17.13,0,0,-9.9,90.4,-10.661
acewinne,2023-10-25T16:25:00Z,0.08,17.53,0.40000000000000213,1,-9.9,90.4,-10.661
acewinne,2023-10-25T16:35:00Z,0.07,18.1,0.620000000000001,1,-9.85,90.4,-10.612
acewinne,2023-10-25T16:45:00Z,0.11,19.17,0.360000000000003,1,-9.8,90.4,-10.562
acewinne,2023-10-25T19:50:00Z,0.1,19.24,0.05999999999999872,1,-9,91,-9.739
acewinne,2023-10-26T12:15:00Z,0.05,16.7,0.05999999999999872,1,-10.7,89.7,-11.486
acewinne,2023-10-26T12:20:00Z,0.05,16.93,0.23000000000000043,1,-10.7,89.7,-11.486
acewinne,2023-10-26T12:30:00Z,0.08,17.14,0.17999999999999972,1,-10.78,89.6,-11.57
acewinne,2023-10-26T12:40:00Z,0.06,17.22,0.16999999999999815,1,-10.8,89.6,-11.59
acewinne,2023-10-26T12:55:00Z,0.08,17.71,0.41000000000000014,1,-10.89,89.6,-11.678
acewinne,2023-10-26T13:00:00Z,0.05,17.75,0.03999999999999915,1,-10.9,89.6,-11.688
acewinne,2023-10-26T13:20:00Z,0.12,17.14,0.060000000000002274,1,-10.97,89.5,-11.762
acewinne,2023-10-26T13:45:00Z,0.06,17.23,0.7100000000000009,1,-10.91,89.5,-11.703
acewinne,2023-10-26T13:55:00Z,0.13,18.68,0.7800000000000011,1,-10.9,89.5,-11.693
acewinne,2023-10-26T14:30:00Z,0.12,19.04,0.0799999999999983,1,-10.89,89.5,-11.683
acewinne,2023-10-26T14:35:00Z,0.13,19.14,0.10000000000000142,1,-10.81,89.5,-11.605
acewinne,2023-10-26T14:50:00Z,0.06,19.74,1.1199999999999974,1,-10.8,89.6,-11.59
acewinne,2023-10-26T15:15:00Z,0.06,19.35,0.490000000000002,1,-10.8,89.5,-11.595
acewinne,2023-10-26T15:25:00Z,0.08,20.45,1.370000000000001,1,-10.7,89.6,-11.491
acewinne,2023-10-26T17:30:00Z,0.12,21.46,0.28999999999999915,1,-10.27,89.7,-11.063
acewinne,2023-10-26T18:05:00Z,0.11,22.35,0.1700000000000017,1,-10.3,89.5,-11.103
acewinne,2023-10-26T18:10:00Z,0.06,22.56,0.2099999999999973,1,-10.34,89.5,-11.142
acewinne,2023-10-26T18:25:00Z,0.08,22.72,0.2699999999999996,1,-10.33,89.6,-11.127
acewinne,2023-10-26T18:55:00Z,0.12,23.14,0.21000000000000085,1,-10.3,89.6,-11.098
acewinne,2023-10-26T19:15:00Z,0.1,23.57,0,0,-10.2,89.6,-10.999
acewinne,2023-10-26T20:20:00Z,0.06,23.92,0.46000000000000085,1,-10.2,89.5,-11.005
acewinne,2023-10-27T00:00:00Z,0.1,23.26,0.020000000000003126,1,-10.13,90,-10.909
acewinne,2023-10-27T00:25:00Z,0.07,23.44,0.010000000000001563,1,-10.24,90,-11.017
acewinne,2023-11-02T19:10:00Z,0.06,6.901,0.14499999999999957,1,5.402,77.17,3.274
acewinne,2023-11-02T19:25:00Z,0.12,6.817,0.10099999999999998,1,4.863,83.9,3.328
acewinne,2023-11-02T19:30:00Z,0.06,6.901,0.08399999999999963,1,5.062,85,3.617
acewinne,2023-11-02T19:45:00Z,0.06,6.847,0.0600000000000005,1,5.687,86,4.313
acewinne,2023-11-02T23:00:00Z,0.06,5.749,0.06400000000000006,1,6.71,79.78,4.75
acewinne,2023-11-02T23:15:00Z,0.06,5.914,0.2530000000000001,1,6.544,83,4.878
acewinne,2023-11-02T23:30:00Z,0.09,6.147,0.5600000000000005,1,6.313,86.2,4.941
acewinne,2023-11-03T00:10:00Z,0.06,5.555,0.027000000000000135,1,5.103,93.5,4.41
acewinne,2023-11-03T00:20:00Z,0.12,5.593,0.043999999999999595,1,4.867,94.8,4.294
acewinne,2023-11-03T00:45:00Z,0.07,5.289,0.09899999999999931,1,4.52,93.7,3.849
acewinne,2023-11-03T00:50:00Z,0.06,5.477,0.1880000000000006,1,4.33,96.4,3.902
acewinne,2023-11-03T01:30:00Z,0.06,5.435,0.08599999999999941,1,5.069,93.7,4.395
acewinne,2023-11-03T01:45:00Z,0.06,5.399,0.09100000000000019,1,4.644,96.7,4.243
acewinne,2023-11-03T01:55:00Z,0.11,5.357,0.12699999999999978,1,3.69,95.5,3.183
acewinne,2023-11-03T02:00:00Z,0.06,5.359,0.0019999999999997797,1,3.74,97.4,3.401
acewinne,2023-11-03T03:05:00Z,0.07,5.196,0.045999999999999375,1,4.064,98.5,3.825
acewinne,2023-11-03T03:45:00Z,0.09,5.246,0.13100000000000023,1,3.6,98,3.315
acewinne,2023-11-03T04:30:00Z,0.06,5.043,0.24600000000000044,1,3.46,98.2,3.192
acewinne,2023-11-03T05:10:00Z,0.1,4.844,0.11500000000000021,1,3.795,98.6,3.564
acewinne,2023-11-03T05:50:00Z,0.06,4.483,0.06099999999999994,1,3.307,98.5,3.065
acewinne,2023-11-03T06:00:00Z,0.06,4.463,0.0810000000000004,1,3.683,98.8,3.469
acewinne,2023-11-03T06:05:00Z,0.11,4.495,0.03200000000000003,1,3.862,98.9,3.659
acewinne,2023-11-03T06:15:00Z,0.17,4.445,0.020999999999999908,1,4.044,98.9,3.841
acewinne,2023-11-03T06:35:00Z,0.12,4.481,0.1429999999999998,1,3.445,98.6,3.213
acewinne,2023-11-03T06:45:00Z,0.11,4.533,0.08200000000000074,1,4.291,99,4.099
acewinne,2023-11-03T06:50:00Z,0.06,4.582,0.04899999999999949,1,4.149,98.9,3.947
acewinne,2023-11-03T07:00:00Z,0.13,4.398,0.07200000000000006,1,4.283,99,4.09
acewinne,2023-11-03T07:15:00Z,0.09,4.295,0.017999999999999794,1,4.333,98.9,4.131
acewinne,2023-11-03T08:05:00Z,0.12,4.066,0.040000000000000036,1,4.027,99.1,3.842
acewinne,2023-11-03T08:20:00Z,0.27,4.09,0.02799999999999958,1,3.9,98.9,3.697
acewinne,2023-11-03T09:00:00Z,0.06,4.026,0.06299999999999972,1,3.202,99.1,3.013
acewinne,2023-11-03T10:05:00Z,0.06,3.937,0.09599999999999964,1,3.515,99,3.319
acewinne,2023-11-03T10:30:00Z,0.07,3.925,0.07199999999999962,1,3.747,99.1,3.561
acewinne,2023-11-03T11:25:00Z,0.08,3.843,0.242,1,3.759,99.1,3.573
acewinne,2023-11-07T04:35:00Z,0.2,0.43,0.132,1,7.226,85.3,5.75
acewinne,2023-11-07T04:50:00Z,0.27,0.432,0.05299999999999999,1,7.097,87.4,5.818
acewinne,2023-11-07T05:05:00Z,0.38,0.429,0.08500000000000002,1,6.69,89.9,5.65
acewinne,2023-11-07T05:10:00Z,0.17,0.469,0.03999999999999998,1,6.6,89.9,5.561
acewinne,2023-12-09T06:30:00Z,0.05,0.262,0.006000000000000005,1,-2.767,93.9,-3.376
acewinne,2023-12-11T14:15:00Z,0.15,0.263,0.07500000000000001,1,3.407,85.8,2.073
acewinne,2023-12-11T14:20:00Z,0.16,0.338,0.07500000000000001,1,3.282,87.4,2.084
acewinne,2023-12-11T14:35:00Z,0.12,0.363,0.044999999999999984,1,2.983,90.2,2.024
acewinne,2023-12-11T15:05:00Z,0.11,0.388,0.0050000000000000044,1,2.1,92.3,1.328
acewinne,2023-12-11T15:45:00Z,0.14,0.427,0.065,1,0.659,94.3,0.062
acewinne,2023-12-11T16:10:00Z,0.11,0.438,0.03999999999999998,1,0.4,95.9,-0.066
acewinne,2023-12-11T20:45:00Z,0.08,0.472,0.00599999999999995,1,-0.388,95.5,-0.885
acewinne,2023-12-23T21:50:00Z,0.16,1.446,0.06499999999999995,1,-1.461,94.5,-2.032
acewinne,2024-01-11T19:35:00Z,0.06,1.753,0.03799999999999981,1,-19.64,72.91,-20.631
acewinne,2024-01-11T20:55:00Z,0.12,2.107,0.039000000000000146,1,-20.05,74.7,-20.999
acewinne,2024-01-11T21:40:00Z,0.05,2.279,0.019000000000000128,1,-20.22,74.09,-21.166
acewinne,2024-01-12T08:55:00Z,0.08,2.36,0.04699999999999971,1,-26.82,71.18,-27.361
acewinne,2024-01-12T09:30:00Z,0.09,2.315,0,0,-27,72.08,-27.542
acewinne,2024-01-12T09:35:00Z,0.06,2.382,0.06700000000000017,1,-27.04,71.86,-27.577
acewinne,2024-01-12T10:05:00Z,0.1,2.31,0.020000000000000018,1,-27.37,71.52,-27.881
acewinne,2024-01-12T10:40:00Z,0.1,2.217,0.020000000000000018,1,-27.5,70.52,-27.986
acewinne,2024-01-12T11:00:00Z,0.05,2.284,9.999999999998899e-4,1,-27.52,70.83,-28.01
acewinne,2024-01-17T05:00:00Z,0.08,2.687,0.04499999999999993,1,-6.588,86.8,-7.613
acewinne,2024-01-17T07:45:00Z,0.08,2.967,0.07900000000000018,1,-6.8,90.6,-7.592
acewinne,2024-01-17T09:30:00Z,0.05,2.659,0.17799999999999994,1,-6.3,90.4,-7.111
acewinne,2024-01-17T09:55:00Z,0.09,2.946,0.13500000000000023,1,-6.134,91.1,-6.903
acewinne,2024-01-17T10:20:00Z,0.09,3.36,0.11099999999999977,1,-5.699,90.4,-6.519
acewinne,2024-01-17T10:45:00Z,0.07,3.441,0.06299999999999972,1,-6.04,90.7,-6.836
acewinne,2024-01-17T12:10:00Z,0.06,4.049,0.04600000000000026,1,-6.857,88.8,-7.758
acewinne,2024-01-17T12:45:00Z,0.08,3.809,0.15400000000000036,1,-7.767,89.7,-8.599
acewinne,2024-01-17T13:05:00Z,0.07,4.251,0.02600000000000069,1,-8.36,88.4,-9.257
acewinne,2024-01-17T13:10:00Z,0.05,4.513,0.26199999999999957,1,-8.5,88.9,-9.366
acewinne,2024-01-17T13:40:00Z,0.12,4.689,0.11099999999999977,1,-9.31,88.1,-10.205
acewinne,2024-01-17T14:15:00Z,0.13,4.925,0.25899999999999945,1,-10.49,87.3,-11.402
acewinne,2024-01-17T15:35:00Z,0.11,4.89,0.040000000000000036,1,-12.1,85.6,-13.055
acewinne,2024-01-17T16:10:00Z,0.11,5.17,0.0389999999999997,1,-12.2,83.9,-13.227
acewinne,2024-01-17T16:30:00Z,0.14,5.434,0.22799999999999976,1,-12.29,84.4,-13.293
acewinne,2024-01-17T17:00:00Z,0.12,5.582,0.04300000000000015,1,-12.4,83.9,-13.421
acewinne,2024-01-17T17:20:00Z,0.1,6.087,0.2959999999999994,1,-12.62,83.7,-13.643
acewinne,2024-01-17T17:45:00Z,0.06,6.035,0.009999999999999787,1,-12.7,82.6,-13.765
acewinne,2024-01-17T17:55:00Z,0.05,6.217,0.041999999999999815,1,-12.56,82.5,-13.634
acewinne,2024-01-17T18:40:00Z,0.08,6.122,0.17300000000000004,1,-12.38,80,-13.559
acewinne,2024-01-17T20:20:00Z,0.11,6.47,0.2610000000000001,1,-12.15,80.1,-13.334
acewinne,2024-01-17T20:45:00Z,0.15,6.907,0.017000000000000348,1,-12.23,82.3,-13.323
acewinne,2024-01-17T21:10:00Z,0.1,7.177,0.016000000000000014,1,-12.4,82.3,-13.487
acewinne,2024-01-17T21:20:00Z,0.06,7.415,0.1429999999999998,1,-12.6,82.1,-13.688
acewinne,2024-01-17T21:35:00Z,0.11,7.842,0.17300000000000004,1,-12.66,82.5,-13.73
acewinne,2024-01-17T22:00:00Z,0.11,7.809,0.0810000000000004,1,-12.69,82.8,-13.747
acewinne,2024-01-17T22:10:00Z,0.06,8.02,0.1589999999999998,1,-12.7,83.6,-13.724
acewinne,2024-01-17T22:35:00Z,0.06,7.76,0.05799999999999983,1,-12.8,84.9,-13.767
acewinne,2024-01-17T22:50:00Z,0.09,7.972,0.03900000000000059,1,-12.88,84.8,-13.849
acewinne,2024-01-17T23:20:00Z,0.11,8.52,0.129999999999999,1,-13,85.2,-13.949
acewinne,2024-01-17T23:45:00Z,0.08,8.38,0.040000000000000924,1,-13.4,84.9,-14.351
acewinne,2024-01-18T00:20:00Z,0.11,8.8,0.0600000000000005,1,-13.86,85.3,-14.782
acewinne,2024-01-18T00:55:00Z,0.09,8.88,0.1800000000000015,1,-14.09,85.4,-15.003
acewinne,2024-01-18T01:45:00Z,0.06,8.98,0,0,-14.3,85.5,-15.203
acewinne,2024-01-18T02:00:00Z,0.06,9.02,0.019999999999999574,1,-14.4,85.3,-15.308
acewinne,2024-01-18T02:10:00Z,0.06,9.2,0.16999999999999993,1,-14.4,85.4,-15.304
acewinne,2024-01-18T02:20:00Z,0.06,9.24,0.02999999999999936,1,-14.46,85.3,-15.367
acewinne,2024-01-18T02:30:00Z,0.08,9.12,0.17999999999999972,1,-14.5,85.3,-15.406
acewinne,2024-01-18T02:35:00Z,0.06,9.3,0.1800000000000015,1,-14.55,85,-15.466
acewinne,2024-01-18T02:40:00Z,0.08,9.41,0.10999999999999943,1,-14.62,85,-15.534
acewinne,2024-01-18T02:45:00Z,0.06,9.43,0.019999999999999574,1,-14.7,85,-15.612
acewinne,2024-01-18T02:50:00Z,0.06,9.47,0.040000000000000924,1,-14.7,85,-15.612
acewinne,2024-01-18T02:55:00Z,0.05,9.59,0.11999999999999922,1,-14.7,85.1,-15.608
acewinne,2024-01-18T03:00:00Z,0.06,9.61,0.019999999999999574,1,-14.7,85.2,-15.604
acewinne,2024-01-18T03:10:00Z,0.07,9.68,0.17999999999999972,1,-14.72,85.1,-15.627
acewinne,2024-01-18T03:15:00Z,0.06,9.69,0.009999999999999787,1,-14.8,85,-15.709
acewinne,2024-01-18T03:20:00Z,0.12,9.8,0.11000000000000121,1,-14.86,84.8,-15.775
acewinne,2024-01-18T03:25:00Z,0.06,10.04,0.23999999999999844,1,-14.9,84.8,-15.814
acewinne,2024-01-18T03:35:00Z,0.09,9.93,0.08999999999999986,1,-14.98,84.8,-15.892
acewinne,2024-01-18T03:40:00Z,0.06,9.96,0.030000000000001137,1,-15,84.9,-15.907
acewinne,2024-01-18T03:50:00Z,0.09,9.97,0.08000000000000007,1,-15,84.9,-15.907
acewinne,2024-01-18T04:00:00Z,0.06,10.13,0.19000000000000128,1,-15.1,84.8,-16.008
acewinne,2024-01-18T04:20:00Z,0.07,10.2,0.06999999999999851,1,-15.2,84.6,-16.113
acewinne,2024-01-18T04:25:00Z,0.05,10.3,0.10000000000000142,1,-15.2,84.5,-16.116
acewinne,2024-01-18T04:35:00Z,0.09,10.68,0.3699999999999992,1,-15.28,84.4,-16.198
acewinne,2024-01-18T04:50:00Z,0.05,10.56,0.05000000000000071,1,-15.4,84.5,-16.311
acewinne,2024-01-18T05:05:00Z,0.11,10.73,0.030000000000001137,1,-15.6,84.2,-16.515
acewinne,2024-01-18T05:10:00Z,0.05,10.73,0,0,-15.6,84.3,-16.512
acewinne,2024-01-18T05:15:00Z,0.07,10.91,0.17999999999999972,1,-15.67,84,-16.59
acewinne,2024-01-18T05:25:00Z,0.06,11.02,0,0,-15.73,84.2,-16.642
acewinne,2024-01-18T05:30:00Z,0.07,11.16,0.14000000000000057,1,-15.81,84,-16.726
acewinne,2024-01-18T05:55:00Z,0.06,11.74,0.370000000000001,1,-15.92,84.2,-16.826
acewinne,2024-01-18T06:05:00Z,0.1,11.65,0.07000000000000028,1,-16.05,83.7,-16.969
acewinne,2024-01-18T06:20:00Z,0.07,11.92,0.03999999999999915,1,-16.2,83.9,-17.108
acewinne,2024-01-18T06:25:00Z,0.05,12.32,0.40000000000000036,1,-16.2,83.8,-17.111
acewinne,2024-01-18T07:00:00Z,0.08,13.8,0.6100000000000012,1,-16.53,83.9,-17.428
acewinne,2024-01-21T14:10:00Z,0.08,4.081,0.1860000000000004,1,2.593,83.5,1.093
acewinne,2024-01-21T15:10:00Z,0.11,4.181,0.19700000000000006,1,3.933,84.6,2.484
acewinne,2024-02-04T05:20:00Z,0.07,1.035,0.030000000000000027,1,-0.1,98.3,-0.372
acewinne,2024-02-04T05:30:00Z,0.06,1.03,0.020000000000000018,1,0,98.1,-0.288
acewinne,2024-02-04T05:40:00Z,0.11,1.08,0.08000000000000007,1,0,97.9,-0.304
acewinne,2024-02-04T05:45:00Z,0.11,1.11,0.030000000000000027,1,0,97.7,-0.32
acewinne,2024-02-04T05:50:00Z,0.17,1.11,0,0,0,97.6,-0.328
acewinne,2024-02-04T05:55:00Z,0.06,1.13,0.019999999999999796,1,0,97.4,-0.345
acewinne,2024-02-04T06:05:00Z,0.12,1.1,0.020000000000000018,1,0,97.2,-0.361
acewinne,2024-02-04T06:10:00Z,0.12,1.15,0.04999999999999982,1,0,97,-0.377
acewinne,2024-02-04T06:20:00Z,0.09,1.12,0.040000000000000036,1,0,96.9,-0.385
acewinne,2024-02-04T06:25:00Z,0.11,1.17,0.04999999999999982,1,0,96.9,-0.385
acewinne,2024-02-04T06:30:00Z,0.05,1.2,0.030000000000000027,1,0,96.8,-0.393
acewinne,2024-02-04T06:45:00Z,0.1,1.225,0.11499999999999999,1,-0.078,97,-0.455
acewinne,2024-02-04T06:55:00Z,0.13,1.245,0.09000000000000008,1,-0.1,97,-0.477
acewinne,2024-02-04T07:00:00Z,0.11,1.345,0.09999999999999987,1,-0.1,97,-0.477
acewinne,2024-02-04T07:05:00Z,0.11,1.355,0.010000000000000009,1,-0.1,97.1,-0.469
acewinne,2024-02-04T07:15:00Z,0.05,1.405,0.10000000000000009,1,-0.1,97.1,-0.469
acewinne,2024-02-04T07:20:00Z,0.15,1.545,0.1399999999999999,1,-0.1,97.1,-0.469
acewinne,2024-02-04T07:25:00Z,0.11,1.595,0.050000000000000044,1,-0.1,97.1,-0.469
acewinne,2024-02-04T07:35:00Z,0.05,1.615,0.06000000000000005,1,-0.1,96.7,-0.501
acewinne,2024-02-04T07:40:00Z,0.06,1.655,0.040000000000000036,1,-0.1,96.7,-0.501
acewinne,2024-02-04T07:50:00Z,0.07,1.665,0,0,-0.1,96.7,-0.501
acewinne,2024-02-04T08:10:00Z,0.06,1.79,0.135,1,-0.195,96.2,-0.636
acewinne,2024-02-04T08:35:00Z,0.08,1.81,0.030000000000000027,1,-0.2,95.9,-0.665
acewinne,2024-02-04T09:20:00Z,0.07,1.915,0.010000000000000009,1,-0.3,96,-0.757
acewinne,2024-02-04T09:40:00Z,0.11,1.925,0.06000000000000005,1,-0.3,96,-0.757
acewinne,2024-02-04T09:50:00Z,0.06,1.935,0.08000000000000007,1,-0.3,96.3,-0.733
acewinne,2024-02-04T11:55:00Z,0.05,1.94,0,0,0,97,-0.377
acewinne,2024-02-04T19:35:00Z,0.15,1.51,0.18500000000000005,1,-0.037,79.8,-1.722
acewinne,2024-02-07T14:25:00Z,0.09,1.18,0.040000000000000036,1,-1.1,97.4,-1.446
acewinne,2024-02-07T14:50:00Z,0.06,1.424,0.33999999999999986,1,-1,97.3,-1.354
acewinne,2024-02-07T14:55:00Z,0.07,1.653,0.2290000000000001,1,-1,97.2,-1.362
acewinne,2024-02-07T15:10:00Z,0.07,1.713,0.2390000000000001,1,-1,97,-1.378
acewinne,2024-02-07T15:15:00Z,0.06,1.963,0.25,1,-1,97,-1.378
acewinne,2024-02-07T15:25:00Z,0.07,2.132,0.03000000000000025,1,-1,97,-1.378
acewinne,2024-02-07T15:30:00Z,0.05,2.242,0.10999999999999988,1,-1,97,-1.378
acewinne,2024-02-07T15:40:00Z,0.09,2.412,0.19499999999999984,1,-0.947,96.8,-1.341
acewinne,2024-02-07T15:45:00Z,0.06,2.422,0.010000000000000231,1,-0.992,96.7,-1.394
acewinne,2024-02-07T15:50:00Z,0.09,2.536,0.11399999999999988,1,-0.919,96.9,-1.305
acewinne,2024-02-07T16:00:00Z,0.11,2.716,0.03000000000000025,1,-0.9,97,-1.278
acewinne,2024-02-07T16:15:00Z,0.06,2.861,0.05500000000000016,1,-0.896,97,-1.274
acewinne,2024-02-07T16:20:00Z,0.07,2.956,0.09499999999999975,1,-0.851,96.9,-1.237
acewinne,2024-02-07T16:25:00Z,0.06,2.99,0.03400000000000025,1,-0.88,96.6,-1.289
acewinne,2024-02-07T16:30:00Z,0.06,3.085,0.09499999999999975,1,-0.884,96.8,-1.277
acewinne,2024-02-07T16:35:00Z,0.1,3.16,0.07500000000000018,1,-0.839,97,-1.217
acewinne,2024-02-07T16:40:00Z,0.06,3.21,0.04999999999999982,1,-0.8,97.1,-1.17
acewinne,2024-02-07T16:45:00Z,0.09,3.22,0.010000000000000231,1,-0.8,97.3,-1.154
acewinne,2024-02-07T17:10:00Z,0.06,3.435,0.20000000000000018,1,-0.9,96.5,-1.317
acewinne,2024-02-07T17:15:00Z,0.07,3.525,0.08999999999999986,1,-0.9,96.2,-1.341
acewinne,2024-02-07T17:20:00Z,0.07,3.654,0.129,1,-0.9,96.4,-1.325
acewinne,2024-02-07T17:25:00Z,0.12,3.899,0.2450000000000001,1,-0.94,96.6,-1.349
acewinne,2024-02-07T17:30:00Z,0.13,3.979,0.08000000000000007,1,-0.994,96.6,-1.403
acewinne,2024-02-07T17:35:00Z,0.13,4.179,0.20000000000000018,1,-1,96.5,-1.417
acewinne,2024-02-07T17:45:00Z,0.05,4.488,0.3490000000000002,1,-1,96.7,-1.401
acewinne,2024-02-07T17:55:00Z,0.05,4.638,0.3149999999999995,1,-0.888,97.1,-1.258
acewinne,2024-02-07T18:00:00Z,0.06,4.783,0.14500000000000046,1,-0.888,97.2,-1.25
acewinne,2024-02-07T18:05:00Z,0.06,4.833,0.04999999999999982,1,-0.9,96.9,-1.286
acewinne,2024-02-07T18:40:00Z,0.09,4.928,0.11500000000000021,1,-0.889,96.6,-1.298
acewinne,2024-02-07T18:45:00Z,0.06,4.938,0.009999999999999787,1,-0.8,96.9,-1.186
acewinne,2024-02-07T18:50:00Z,0.1,5.117,0.17900000000000027,1,-0.8,97,-1.178
acewinne,2024-02-07T18:55:00Z,0.06,5.387,0.2699999999999996,1,-0.8,97,-1.178
acewinne,2024-02-07T19:05:00Z,0.09,5.487,0.17999999999999972,1,-0.8,97.2,-1.162
acewinne,2024-02-07T19:15:00Z,0.06,5.686,0.1589999999999998,1,-0.773,97.3,-1.127
acewinne,2024-02-07T19:20:00Z,0.07,5.772,0.0860000000000003,1,-0.702,97.4,-1.048
acewinne,2024-02-07T19:30:00Z,0.07,5.906,0.07399999999999984,1,-0.748,97.2,-1.109
acewinne,2024-02-07T19:35:00Z,0.05,5.921,0.015000000000000568,1,-0.72,97.2,-1.082
acewinne,2024-02-07T19:40:00Z,0.06,5.941,0.019999999999999574,1,-0.606,97.3,-0.96
acewinne,2024-02-07T19:45:00Z,0.09,6.017,0.07600000000000051,1,-0.616,97.2,-0.978
acewinne,2024-02-07T19:55:00Z,0.13,6.007,0,0,-0.6,97.2,-0.962
acewinne,2024-02-07T20:00:00Z,0.14,6.052,0.04499999999999993,1,-0.571,97.4,-0.917
acewinne,2024-02-07T20:55:00Z,0.07,6.282,0.08999999999999986,1,-0.527,96.9,-0.913
acewinne,2024-02-07T21:25:00Z,0.09,6.217,0.04499999999999993,1,-0.581,96.3,-1.014
acewinne,2024-02-08T00:05:00Z,0.05,6.348,0.043999999999999595,1,-1.227,95.8,-1.699
acewinne,2024-02-08T00:55:00Z,0.08,6.711,0.09500000000000064,1,-1.733,95.5,-2.226
acewinne,2024-02-08T01:15:00Z,0.1,6.601,0.019999999999999574,1,-1.8,95.3,-2.309
acewinne,2024-02-08T01:25:00Z,0.07,6.621,0.05000000000000071,1,-1.8,95.5,-2.293
acewinne,2024-02-08T01:35:00Z,0.05,6.711,0.05000000000000071,1,-1.8,95.7,-2.278
acewinne,2024-02-08T01:40:00Z,0.06,6.85,0.13899999999999935,1,-1.8,95.9,-2.263
acewinne,2024-02-08T01:50:00Z,0.1,7.034,0.5129999999999999,1,-2.064,95,-2.594
acewinne,2024-02-08T02:30:00Z,0.06,7.028,0.15399999999999991,1,-2.357,94.8,-2.902
acewinne,2024-02-08T02:45:00Z,0.05,7.187,0.23899999999999988,1,-2.4,94.7,-2.952
acewinne,2024-02-08T03:15:00Z,0.08,6.997,0.0039999999999995595,1,-2.595,95.1,-3.116
acewinne,2024-02-08T03:50:00Z,0.12,7.26,0.07399999999999984,1,-2.846,94.4,-3.418
acewinne,2024-02-08T06:55:00Z,0.06,7.126,0.05000000000000071,1,-3.001,91.8,-3.759
acewinne,2024-02-08T08:50:00Z,0.05,7.135,0.05900000000000016,1,-3.4,91.5,-4.175
acewinne,2024-02-08T10:00:00Z,0.07,6.947,0.004999999999999893,1,-3.523,90.1,-4.394
acewinne,2024-02-09T12:20:00Z,0.23,6.866,0.4499999999999993,1,-5.588,94.4,-6.146
acewinne,2024-02-09T12:25:00Z,0.13,6.885,0.019000000000000128,1,-5.5,94.3,-6.065
acewinne,2024-02-09T13:25:00Z,0.1,7.772,0.4460000000000006,1,-5.6,94.1,-6.178
acewinne,2024-02-12T05:50:00Z,0.07,3.801,0.04600000000000026,1,0.588,91.3,-0.249
acewinne,2024-02-12T06:45:00Z,0.07,3.81,0.020000000000000018,1,0.2,96.1,-0.25
acewinne,2024-02-12T07:05:00Z,0.06,3.825,0.20999999999999996,1,0.1,96.9,-0.285
acewinne,2024-02-12T07:10:00Z,0.07,3.935,0.10999999999999988,1,0.1,97.1,-0.269
acewinne,2024-02-12T07:15:00Z,0.06,4.025,0.0900000000000003,1,0.1,97.2,-0.261
acewinne,2024-02-12T07:35:00Z,0.07,4.095,0.5599999999999996,1,0.1,97.7,-0.22
acewinne,2024-02-12T07:45:00Z,0.06,4.45,0.07000000000000028,1,0,97.8,-0.312
acewinne,2024-02-12T09:45:00Z,0.05,3.649,0.010000000000000231,1,-0.2,98.3,-0.472
acewinne,2024-02-14T00:10:00Z,0.05,3.165,0.13500000000000023,1,-3.249,88,-4.268
acewinne,2024-02-14T00:30:00Z,0.05,3.192,0.051000000000000156,1,-3.488,89.3,-4.414
acewinne,2024-02-14T00:40:00Z,0.06,3.783,0.621,1,-3.694,90.7,-4.521
acewinne,2024-02-14T00:55:00Z,0.18,4.637,0.6749999999999994,1,-3.7,93.5,-4.331
acewinne,2024-02-14T01:45:00Z,0.11,6.093,0.21799999999999997,1,-4.2,93.9,-4.8
acewinne,2024-02-14T01:50:00Z,0.06,6.178,0.08499999999999996,1,-4.218,93.9,-4.818
acewinne,2024-02-14T02:15:00Z,0.07,6.475,0.0039999999999995595,1,-4.124,94.3,-4.696
acewinne,2024-02-14T02:35:00Z,0.1,6.495,0.16900000000000048,1,-4.1,94,-4.694
acewinne,2024-02-14T04:00:00Z,0.09,6.457,0.34299999999999997,1,-4.688,92.6,-5.374
acewinne,2024-02-14T04:20:00Z,0.05,6.953,0.15399999999999991,1,-4.884,92.7,-5.561
acewinne,2024-02-14T04:25:00Z,0.06,7.022,0.06899999999999995,1,-4.9,93.1,-5.55
acewinne,2024-02-14T04:30:00Z,0.05,7.156,0.13399999999999945,1,-4.946,93,-5.603
acewinne,2024-02-14T04:35:00Z,0.05,7.216,0.0600000000000005,1,-5,93.3,-5.636
acewinne,2024-02-14T04:40:00Z,0.12,7.558,0.34199999999999964,1,-5.022,93.5,-5.645
acewinne,2024-02-14T04:55:00Z,0.11,7.612,0.16800000000000015,1,-5.2,93.5,-5.821
acewinne,2024-02-14T05:00:00Z,0.05,7.731,0.11899999999999977,1,-5.21,93.6,-5.824
acewinne,2024-02-14T05:05:00Z,0.06,7.786,0.054999999999999716,1,-5.265,93.5,-5.886
acewinne,2024-02-14T05:10:00Z,0.09,7.816,0.03000000000000025,1,-5.3,93.4,-5.927
acewinne,2024-02-14T05:20:00Z,0.06,7.845,0.0389999999999997,1,-5.3,93.5,-5.92
acewinne,2024-02-14T05:25:00Z,0.07,7.855,0.010000000000000675,1,-5.3,93.6,-5.914
acewinne,2024-02-14T05:35:00Z,0.06,8,0.03599999999999959,1,-5.3,93.6,-5.914
acewinne,2024-02-14T05:50:00Z,0.06,8.06,0.030000000000001137,1,-5.404,93.2,-6.044
acewinne,2024-02-14T06:10:00Z,0.06,8.04,0,0,-5.579,93.2,-6.217
acewinne,2024-02-14T06:15:00Z,0.1,8.09,0.05000000000000071,1,-5.647,93.2,-6.285
acewinne,2024-02-14T06:25:00Z,0.06,8.16,0.02999999999999936,1,-5.7,93.5,-6.318
acewinne,2024-02-14T06:35:00Z,0.06,8.15,0.09999999999999964,1,-5.657,93.4,-6.282
acewinne,2024-02-14T07:40:00Z,0.09,8.31,0.02000000000000135,1,-5.9,93.3,-6.529
acewinne,2024-02-14T08:15:00Z,0.07,8.4,0.040000000000000924,1,-5.893,93.5,-6.509
acewinne,2024-02-14T08:20:00Z,0.07,8.42,0.019999999999999574,1,-6.257,91.5,-7
acewinne,2024-02-14T08:25:00Z,0.12,8.73,0.3100000000000005,1,-6.866,91.3,-7.614
acewinne,2024-02-14T08:35:00Z,0.06,9.05,0.33999999999999986,1,-7.071,91.9,-7.779
acewinne,2024-02-15T17:10:00Z,0.06,7.645,0.054999999999999716,1,-10.99,84.2,-12.039
acewinne,2024-02-16T03:05:00Z,0.08,8.29,0.16999999999999993,1,-12.7,84.9,-13.67
acewinne,2024-02-16T05:05:00Z,0.05,8.4,0.13000000000000078,1,-13.2,84,-14.193
acewinne,2024-02-16T05:40:00Z,0.07,8.64,0.3100000000000005,1,-13.36,83.3,-14.376
acewinne,2024-02-16T06:15:00Z,0.07,8.74,0.0600000000000005,1,-13.6,83.6,-14.597
acewinne,2024-03-02T23:20:00Z,0.05,1.133,0.05899999999999994,1,4.724,79.27,2.802
acewinne,2024-03-03T00:00:00Z,0.11,1.216,0.040999999999999925,1,-0.186,93.4,-0.85
acewinne,2024-03-03T00:20:00Z,0.23,1.164,0.02499999999999991,1,-0.914,94.2,-1.511
acewinne,2024-03-03T00:30:00Z,0.11,1.539,0.4289999999999998,1,-1.1,95.3,-1.611
acewinne,2024-03-03T00:40:00Z,0.43,2.502,1.2069999999999999,1,-1.2,95.7,-1.679
acewinne,2024-03-03T01:20:00Z,0.24,3.172,0.15400000000000036,1,-1.786,94.6,-2.348
acewinne,2024-03-03T01:30:00Z,0.14,3.212,0.1990000000000003,1,-1.8,95.1,-2.324
acewinne,2024-03-03T01:50:00Z,0.25,3.459,0.17500000000000027,1,-2.423,94.3,-3.004
acewinne,2024-03-03T02:40:00Z,0.15,3.61,0.10499999999999998,1,-4.435,93.3,-5.075
acewinne,2024-03-03T02:45:00Z,0.12,3.749,0.13900000000000023,1,-4.5,93.4,-5.133
acewinne,2024-03-03T02:50:00Z,0.05,3.753,0.0040000000000000036,1,-4.458,93.6,-5.077
acewinne,2024-03-03T03:00:00Z,0.06,4.235,0.5540000000000003,1,-3.746,94.9,-4.278
acewinne,2024-03-03T03:05:00Z,0.11,4.792,0.5569999999999995,1,-3.634,93.6,-4.259
acewinne,2024-03-03T04:20:00Z,0.07,4.453,0,0,-5.2,90.9,-5.994
acewinne,2024-03-03T04:35:00Z,0.11,4.434,0.0470000000000006,1,-5.722,91.1,-6.497
acewinne,2024-03-03T08:15:00Z,0.1,4.748,0.48800000000000043,1,-9.06,88.2,-9.954
acewinne,2024-03-03T08:25:00Z,0.17,6.076,2.6059999999999994,1,-9.1,89.4,-9.928
acewinne,2024-03-03T08:35:00Z,0.17,7.291,0.06899999999999995,1,-9.2,88.9,-10.054
acewinne,2024-03-03T08:40:00Z,0.05,7.511,0.21999999999999975,1,-9.11,88,-10.014
acewinne,2024-03-03T08:55:00Z,0.13,7.427,0.258,1,-9.37,87,-10.322
acewinne,2024-03-11T22:10:00Z,0.16,0.98,0.08699999999999997,1,8.65,54.2,4.303
acewinne,2024-03-11T22:15:00Z,0.06,1.066,0.08600000000000008,1,8.66,55.91,4.461
acewinne,2024-03-21T16:20:00Z,0.07,1.183,0.10899999999999999,1,-3.936,85.8,-5.087
acewinne,2024-03-22T07:30:00Z,0.07,1.018,0.007000000000000117,1,-6.507,88.5,-7.432
acewinne,2024-03-22T07:45:00Z,0.05,1.192,0.247,1,-6.7,90,-7.53
acewinne,2024-03-22T07:50:00Z,0.11,1.466,0.274,1,-6.761,89.9,-7.597
acewinne,2024-03-22T08:05:00Z,0.09,1.551,0.09899999999999998,1,-6.9,89.3,-7.77
acewinne,2024-03-22T08:50:00Z,0.05,1.739,0.017000000000000126,1,-7.175,87.4,-8.152
acewinne,2024-03-22T09:30:00Z,0.07,1.857,0,0,-7.2,87.8,-8.153
acewinne,2024-03-22T10:10:00Z,0.05,1.897,0.050000000000000044,1,-7.2,88.4,-8.118
acewinne,2024-03-22T10:45:00Z,0.05,1.995,0.13800000000000012,1,-7.2,88.6,-8.106
acewinne,2024-03-22T11:05:00Z,0.05,2.045,0.08899999999999997,1,-7.207,88.8,-8.102
acewinne,2024-03-22T11:45:00Z,0.07,2.104,0.03000000000000025,1,-7.2,88.3,-8.124
acewinne,2024-03-22T12:20:00Z,0.12,2.022,0.23699999999999988,1,-7.3,89.7,-8.139
acewinne,2024-03-22T12:40:00Z,0.07,2.403,0.05900000000000016,1,-7.4,89.9,-8.226
acewinne,2024-03-22T13:00:00Z,0.07,2.505,0.0129999999999999,1,-7.373,90.1,-8.187
acewinne,2024-03-22T13:20:00Z,0.07,2.544,0.039000000000000146,1,-7.3,90.7,-8.079
acewinne,2024-03-22T14:20:00Z,0.07,2.656,0.0820000000000003,1,-7.288,88.7,-8.187
acewinne,2024-03-22T15:20:00Z,0.09,2.67,0.04599999999999982,1,-7.028,87,-8.032
acewinne,2024-03-22T15:30:00Z,0.14,3.177,0.6520000000000001,1,-6.979,88.6,-7.889
acewinne,2024-03-22T16:25:00Z,0.15,3.084,0.2549999999999999,1,-6.451,85.7,-7.545
acewinne,2024-03-22T19:20:00Z,0.16,2.91,0.39600000000000035,1,-5.371,83.3,-6.637
acewinne,2024-03-22T19:45:00Z,0.1,2.369,0.0990000000000002,1,-5.284,85,-6.45
acewinne,2024-03-22T20:05:00Z,0.06,3.136,0.18500000000000005,1,-5.17,85.3,-6.321
acewinne,2024-03-22T20:55:00Z,0.08,3.029,0.04599999999999982,1,-4.801,83.4,-6.079
acewinne,2024-03-22T21:35:00Z,0.07,2.331,0.12299999999999978,1,-4.484,84.3,-5.715
acewinne,2024-03-23T03:40:00Z,0.05,1.19,0.06899999999999995,1,-4.5,91.1,-5.29
acewinne,2024-03-23T04:15:00Z,0.09,1.183,0.07000000000000006,1,-4.7,92.1,-5.42
acewinne,2024-03-23T04:25:00Z,0.09,1.427,0.22799999999999998,1,-4.8,92.1,-5.519
acewinne,2024-03-23T05:20:00Z,0.09,2.331,0.029999999999999805,1,-5,92.2,-5.71
acewinne,2024-03-23T06:30:00Z,0.05,2.589,0.10899999999999999,1,-5,93.1,-5.65
acewinne,2024-03-23T07:45:00Z,0.06,2.654,0.129,1,-5.1,92.5,-5.789
acewinne,2024-03-23T08:00:00Z,0.07,2.997,0.20399999999999974,1,-5.139,92.6,-5.821
acewinne,2024-03-23T08:25:00Z,0.05,3.31,0.04600000000000026,1,-5.243,92.9,-5.904
acewinne,2024-03-23T08:35:00Z,0.06,3.201,0.06899999999999995,1,-5.3,92.6,-5.981
acewinne,2024-03-23T08:45:00Z,0.05,3.34,0.04999999999999982,1,-5.3,92.9,-5.961
acewinne,2024-03-23T08:55:00Z,0.06,3.508,0.07900000000000018,1,-5.3,92.8,-5.967
acewinne,2024-03-23T10:30:00Z,0.07,3.704,0.050000000000000266,1,-5.6,93.1,-6.245
acewinne,2024-03-23T13:50:00Z,0.05,3.676,0.08300000000000018,1,-5.862,94.6,-6.406
acewinne,2024-03-24T01:55:00Z,0.06,2.478,0.13500000000000023,1,-5.281,94.2,-5.854
acewinne,2024-03-24T02:00:00Z,0.09,2.593,0.11499999999999977,1,-5.346,94,-5.933
acewinne,2024-03-24T02:05:00Z,0.06,2.613,0.020000000000000018,1,-5.4,94.1,-5.979
acewinne,2024-03-24T02:50:00Z,0.05,2.827,0.10499999999999998,1,-5.471,93.8,-6.07
acewinne,2024-03-24T03:15:00Z,0.07,2.995,0.03000000000000025,1,-5.5,93.8,-6.099
acewinne,2024-03-24T03:30:00Z,0.09,3.239,0.1679999999999997,1,-5.6,93.7,-6.205
acewinne,2024-03-24T03:45:00Z,0.06,3.255,0.06999999999999984,1,-5.7,93.7,-6.304
acewinne,2024-03-24T03:50:00Z,0.11,3.552,0.29700000000000015,1,-5.7,93.7,-6.304
acewinne,2024-03-24T04:00:00Z,0.06,3.502,0.06899999999999995,1,-5.7,93.7,-6.304
acewinne,2024-03-24T04:35:00Z,0.06,3.676,0.07900000000000018,1,-5.8,93.6,-6.41
acewinne,2024-03-24T04:50:00Z,0.09,4.088,0.15799999999999992,1,-5.9,93.6,-6.51
acewinne,2024-03-24T04:55:00Z,0.06,4.147,0.05900000000000016,1,-5.9,93.5,-6.516
acewinne,2024-03-24T05:05:00Z,0.05,4.272,0.08499999999999996,1,-5.953,93.4,-6.575
acewinne,2024-03-24T05:10:00Z,0.06,4.272,0,0,-6,93.5,-6.616
acewinne,2024-03-24T05:20:00Z,0.07,4.396,0.11399999999999988,1,-6.034,93.4,-6.656
acewinne,2024-03-24T05:25:00Z,0.07,4.426,0.03000000000000025,1,-6.1,93.2,-6.734
acewinne,2024-03-24T05:35:00Z,0.12,4.738,0.3360000000000003,1,-6.2,93.2,-6.834
acewinne,2024-03-24T05:45:00Z,0.17,4.709,0.04999999999999982,1,-6.237,93.2,-6.871
acewinne,2024-03-24T05:50:00Z,0.11,5.124,0.41500000000000004,1,-6.201,93.3,-6.828
acewinne,2024-03-24T05:55:00Z,0.13,5.367,0.24300000000000033,1,-6.299,93.2,-6.932
acewinne,2024-03-24T06:00:00Z,0.11,5.545,0.17799999999999994,1,-6.3,93.2,-6.933
acewinne,2024-03-24T06:05:00Z,0.14,5.624,0.07899999999999974,1,-6.3,93.3,-6.926
acewinne,2024-03-24T06:10:00Z,0.06,5.733,0.10899999999999999,1,-6.3,93.1,-6.939
acewinne,2024-03-24T06:15:00Z,0.06,5.837,0.10400000000000009,1,-6.395,93,-7.04
acewinne,2024-03-24T06:20:00Z,0.05,6.09,0.2530000000000001,1,-6.436,93,-7.081
acewinne,2024-03-24T06:30:00Z,0.06,6.021,0.009999999999999787,1,-6.5,92.9,-7.151
acewinne,2024-03-24T06:35:00Z,0.08,6.125,0.10400000000000009,1,-6.565,92.9,-7.215
acewinne,2024-03-24T06:50:00Z,0.09,6.042,0.08899999999999952,1,-6.7,92.8,-7.355
acewinne,2024-03-24T06:55:00Z,0.06,6.314,0.27200000000000024,1,-6.704,92.7,-7.366
acewinne,2024-03-24T07:00:00Z,0.05,6.482,0.16800000000000015,1,-6.798,92.7,-7.459
acewinne,2024-03-24T07:05:00Z,0.06,7.331,0.8490000000000002,1,-6.8,92.7,-7.461
acewinne,2024-03-24T08:45:00Z,0.05,5.96,0.05900000000000016,1,-7.5,92.2,-8.185
acewinne,2024-03-25T11:00:00Z,0.05,5.528,0.3699999999999992,1,-9.25,90.2,-10.031
acewinne,2024-03-26T14:55:00Z,0.06,3.352,0.30200000000000005,1,-7.886,85.6,-8.949
acewinne,2024-03-28T23:15:00Z,0.77,1.267,0.03499999999999992,1,2.168,93.5,1.496
acewinne,2024-03-28T23:30:00Z,0.45,1.267,0.010000000000000009,1,2.4,93.5,1.726
acewinne,2024-03-28T23:35:00Z,0.13,1.362,0.0950000000000002,1,2.329,93.5,1.656
acewinne,2024-03-28T23:50:00Z,0.27,1.312,0.07000000000000006,1,2.3,94.2,1.686
acewinne,2024-03-29T00:05:00Z,0.12,1.277,0,0,2.4,94.4,1.802
acewinne,2024-03-29T00:10:00Z,0.07,1.277,0,0,2.4,93.8,1.752
acewinne,2024-03-29T00:20:00Z,0.25,1.347,0.020000000000000018,1,2.4,92.7,1.659
acewinne,2024-04-06T14:35:00Z,0.2,1.252,0.07600000000000007,1,1.413,88.6,0.349
acewinne,2024-04-06T14:50:00Z,0.14,1.302,0.03500000000000014,1,1.334,91.4,0.496
acewinne,2024-04-06T15:10:00Z,0.1,1.292,0.040000000000000036,1,1.5,91.7,0.685
acewinne,2024-04-06T15:35:00Z,0.05,1.317,0.030000000000000027,1,1.2,94,0.575
acewinne,2024-04-07T04:15:00Z,0.06,1.347,0.07499999999999996,1,1.279,91,0.41
acewinne,2024-04-07T05:35:00Z,0.05,1.297,0.04999999999999982,1,1.4,91.8,0.594
acewinne,2024-04-07T06:10:00Z,0.14,1.312,0.030000000000000027,1,1.588,91.2,0.731
acewinne,2024-04-07T11:10:00Z,0.07,1.358,0.07600000000000007,1,2.347,90.7,1.44
acewinne,2024-04-07T11:50:00Z,0.09,1.423,0.08600000000000008,1,2.354,89.5,1.347
acewinne,2024-04-07T12:15:00Z,0.12,1.337,0.09499999999999997,1,2.21,91.6,1.379
acewinne,2024-04-07T13:35:00Z,0.08,1.323,0.050999999999999934,1,2.609,89,1.556
acewinne,2024-04-07T14:10:00Z,0.15,1.369,0.03499999999999992,1,3.078,88.3,1.959
acewinne,2024-04-07T14:30:00Z,0.06,1.374,0.016000000000000014,1,2.899,89.5,1.883
acewinne,2024-04-07T15:50:00Z,0.13,1.42,0.03499999999999992,1,3.32,89.7,2.314
acewinne,2024-04-07T16:50:00Z,0.12,1.444,0.026000000000000023,1,4.218,88.5,3.094
acewinne,2024-04-08T00:25:00Z,0.18,1.368,0,0,4.1,87.6,2.901
acewinne,2024-04-08T00:45:00Z,0.21,1.312,0,0,3.98,88.3,2.844
acewinne,2024-04-08T01:00:00Z,0.21,1.387,0.07099999999999995,1,3.895,87.8,2.718
acewinne,2024-04-08T01:20:00Z,0.26,1.367,0.03600000000000003,1,3.827,89.1,2.762
acewinne,2024-04-08T01:30:00Z,0.2,1.341,0.08499999999999996,1,3.822,88.2,2.68
acewinne,2024-04-08T02:15:00Z,0.33,1.321,0.10099999999999998,1,3.781,86.7,2.513
acewinne,2024-04-08T03:50:00Z,0.25,1.33,0.051000000000000156,1,3.388,91.5,2.535
acewinne,2024-04-08T03:55:00Z,0.14,1.37,0.040000000000000036,1,3.335,92.1,2.534
acewinne,2024-04-08T04:05:00Z,0.25,1.38,0.05999999999999983,1,3.4,91.5,2.547
acewinne,2024-04-08T04:10:00Z,0.15,1.44,0.06000000000000005,1,3.4,91.6,2.555
acewinne,2024-04-08T04:25:00Z,0.15,1.37,0.010000000000000009,1,3.4,92,2.59
acewinne,2024-04-08T04:35:00Z,0.24,1.304,0.03500000000000014,1,3.324,91.9,2.506
acewinne,2024-04-08T05:05:00Z,0.17,1.339,0.004999999999999893,1,3.214,91.1,2.329
acewinne,2024-04-08T05:50:00Z,0.21,1.389,0.09499999999999997,1,3.126,90,2.149
acewinne,2024-04-08T07:00:00Z,0.18,1.32,0.026000000000000023,1,3.37,90.5,2.432
acewinne,2024-04-08T07:30:00Z,0.05,1.324,0.07000000000000006,1,3.313,91.7,2.478
acewinne,2024-04-08T08:00:00Z,0.25,1.346,0.020000000000000018,1,3.734,88.7,2.636
acewinne,2024-04-08T08:20:00Z,0.23,1.281,0.020000000000000018,1,3.795,86.6,2.518
acewinne,2024-04-08T08:40:00Z,0.18,1.361,0.09000000000000008,1,3.719,87.7,2.537
acewinne,2024-04-08T09:45:00Z,0.18,1.356,0,0,3.699,87.4,2.492
acewinne,2024-04-08T10:00:00Z,0.1,1.325,0.08499999999999996,1,3.496,90.5,2.556
acewinne,2024-04-08T10:15:00Z,0.08,1.375,0.03499999999999992,1,3.368,91,2.472
acewinne,2024-04-08T10:35:00Z,0.07,1.304,0.025000000000000133,1,3.309,88.5,2.202
acewinne,2024-04-08T10:50:00Z,0.05,1.324,0.03500000000000014,1,3.188,86.9,1.95
acewinne,2024-04-16T07:05:00Z,0.09,1.576,0.06400000000000006,1,9.8,80.9,7.824
acewinne,2024-04-29T22:50:00Z,0.32,1.416,0.05699999999999994,1,10.12,75.04,7.561
acewinne,2024-04-29T22:55:00Z,0.21,1.982,0.5660000000000001,1,10.98,73.37,8.209
acewinne,2024-04-30T00:30:00Z,0.1,1.373,0.1259999999999999,1,9.6,74.99,7.064
acewinne,2024-04-30T00:40:00Z,0.35,1.454,0.08999999999999986,1,8.91,80.7,6.949
acewinne,2024-04-30T00:45:00Z,0.15,1.492,0.038000000000000034,1,8.52,85.5,7.029
acewinne,2024-04-30T00:50:00Z,0.73,1.558,0.06600000000000006,1,8.23,87.4,6.927
acewinne,2024-04-30T01:00:00Z,0.58,1.549,0.04499999999999993,1,7.752,90.9,6.792
acewinne,2024-04-30T01:15:00Z,0.38,1.522,0.030000000000000027,1,7.6,89.5,6.508
acewinne,2024-04-30T01:20:00Z,0.17,1.59,0.06800000000000006,1,7.641,88.3,6.435
acewinne,2024-04-30T01:40:00Z,0.24,1.54,0.014000000000000012,1,7.469,87,6.144
acewinne,2024-04-30T02:05:00Z,0.2,1.65,0.10199999999999987,1,7.2,91.4,6.294
acewinne,2024-04-30T02:20:00Z,0.32,1.583,0.020999999999999908,1,7.1,93.3,6.374
acewinne,2024-04-30T02:30:00Z,0.38,1.597,0.030000000000000027,1,7,92.7,6.218
acewinne,2024-04-30T02:45:00Z,0.18,1.615,0.030000000000000027,1,6.8,92.6,6.011
acewinne,2024-04-30T02:50:00Z,0.33,1.619,0.0040000000000000036,1,6.736,93.4,6.023
acewinne,2024-04-30T02:55:00Z,0.18,1.619,0,0,6.7,94.4,6.081
acewinne,2024-04-30T03:05:00Z,0.06,1.603,0.010000000000000009,1,6.608,94.3,5.98
acewinne,2024-04-30T03:15:00Z,0.28,1.603,0.030000000000000027,1,6.6,93.9,5.935
acewinne,2024-04-30T03:35:00Z,0.11,1.613,0.050999999999999934,1,6.6,94.2,5.963
acewinne,2024-04-30T03:50:00Z,0.1,1.654,0.030999999999999917,1,6.6,95,6.038
acewinne,2024-04-30T03:55:00Z,0.06,1.664,0.010000000000000009,1,6.6,95.1,6.048
acewinne,2024-04-30T04:05:00Z,0.17,1.623,0.010000000000000009,1,6.6,95.1,6.048
acewinne,2024-04-30T04:10:00Z,0.17,1.654,0.030999999999999917,1,6.6,95.2,6.057
acewinne,2024-04-30T06:00:00Z,0.13,1.561,0,0,5.2,93.2,4.479
acewinne,2024-04-30T06:05:00Z,0.14,1.606,0.04500000000000015,1,5.193,92.6,4.418
acewinne,2024-05-02T16:15:00Z,0.17,1.419,0.03600000000000003,1,2.676,90.5,1.747
acewinne,2024-05-02T17:05:00Z,0.28,1.538,0.11099999999999999,1,1.95,94.5,1.363
acewinne,2024-05-06T14:25:00Z,0.1,1.344,0.09600000000000009,1,9.1,82.4,7.294
acewinne,2024-05-06T14:55:00Z,0.2,1.439,0.07099999999999995,1,9,86.8,7.622
acewinne,2024-05-06T16:40:00Z,0.26,1.436,0.097999999999999865,1,7.942,83.5,6.278
acewinne,2024-05-06T18:00:00Z,0.3,1.436,0.07099999999999995,1,8,84.8,6.456
acewinne,2024-05-06T18:45:00Z,0.26,1.409,0.05400000000000005,1,7.984,87.4,6.686
acewinne,2024-05-06T19:05:00Z,0.29,1.405,0.05400000000000005,1,8.02,85.8,6.57
acewinne,2024-05-06T19:15:00Z,0.27,1.359,0,0,7.9,85.8,6.453
acewinne,2024-05-06T19:30:00Z,0.31,1.444,0.05499999999999994,1,7.8,86.5,6.421
acewinne,2024-05-06T19:40:00Z,0.32,1.423,0.020000000000000018,1,7.8,85.5,6.327
acewinne,2024-05-06T19:50:00Z,0.32,1.413,0.07099999999999995,1,7.8,85.6,6.336
acewinne,2024-05-06T20:05:00Z,0.4,1.474,0.050999999999999934,1,7.797,86.4,6.409
acewinne,2024-05-06T20:15:00Z,0.46,1.393,0.0040000000000000036,1,7.812,86.2,6.405
acewinne,2024-05-06T20:20:00Z,0.19,1.403,0.010000000000000009,1,7.768,86.7,6.408
acewinne,2024-05-06T20:25:00Z,0.41,1.474,0.07099999999999995,1,7.8,85.6,6.336
acewinne,2024-05-06T20:40:00Z,0.54,1.437,0.07400000000000007,1,7.704,84.7,6.159
acewinne,2024-05-06T20:50:00Z,0.76,1.451,0.030000000000000027,1,7.6,86.6,6.235
acewinne,2024-05-06T20:55:00Z,0.55,1.462,0.010999999999999899,1,7.6,87.3,6.301
acewinne,2024-05-06T21:15:00Z,0.61,1.411,0.08499999999999996,1,7.629,84.9,6.104
acewinne,2024-05-06T21:25:00Z,0.7,1.431,0.06099999999999994,1,7.581,83,5.882
acewinne,2024-05-06T21:35:00Z,0.41,1.411,0.09800000000000009,1,7.591,81.9,5.79
acewinne,2024-05-06T21:40:00Z,0.38,1.529,0.11799999999999988,1,7.638,82,5.844
acewinne,2024-05-06T22:00:00Z,0.32,1.405,0.07699999999999996,1,7.427,87.4,6.141
acewinne,2024-05-06T22:15:00Z,0.35,1.415,0.03500000000000014,1,7.571,87.7,6.31
acewinne,2024-05-06T22:20:00Z,0.38,1.435,0.020000000000000018,1,7.516,89.1,6.388
acewinne,2024-05-06T22:30:00Z,0.33,1.431,0.040000000000000036,1,7.6,89.8,6.537
acewinne,2024-05-06T22:40:00Z,0.38,1.403,0.006000000000000005,1,7.71,90.2,6.683
acewinne,2024-05-06T22:45:00Z,0.27,1.45,0.04699999999999993,1,7.817,90.8,6.846
acewinne,2024-05-06T22:55:00Z,0.23,1.43,0.040999999999999925,1,7.9,92.7,7.111
acewinne,2024-05-06T23:05:00Z,0.28,1.405,0.016000000000000014,1,7.939,94.2,7.294
acewinne,2024-05-06T23:10:00Z,0.26,1.466,0.06099999999999994,1,8.07,93.6,7.366
acewinne,2024-05-06T23:25:00Z,0.17,1.484,0.15599999999999992,1,7.887,91.8,7.011
acewinne,2024-05-06T23:35:00Z,0.16,1.43,0.040999999999999925,1,7.9,90.8,6.928
acewinne,2024-05-06T23:45:00Z,0.19,1.426,0.026999999999999913,1,7.904,90.7,6.922
acewinne,2024-05-06T23:50:00Z,0.18,1.46,0.03400000000000003,1,7.942,90.9,6.979
acewinne,2024-05-07T00:00:00Z,0.16,1.49,0.050000000000000044,1,7.9,90.3,6.88
acewinne,2024-05-07T00:10:00Z,0.19,1.45,0,0,7.9,91,6.947
acewinne,2024-05-07T00:15:00Z,0.18,1.48,0.030000000000000027,1,7.93,90.2,6.9
acewinne,2024-05-07T00:35:00Z,0.15,1.456,0.006000000000000005,1,7.982,90.7,6.999
acewinne,2024-05-07T01:00:00Z,0.13,1.432,0.07099999999999995,1,8.1,87.6,6.819
acewinne,2024-05-07T01:15:00Z,0.19,1.341,0.0040000000000000036,1,8.14,83.9,6.507
acewinne,2024-05-07T19:45:00Z,0.09,1.31,0.121,1,4.684,85.7,3.309
acewinne,2024-05-07T21:00:00Z,0.08,1.279,0.05499999999999994,1,4.512,84.8,3.064
acewinne,2024-05-07T21:25:00Z,0.23,1.225,0.17700000000000005,1,4.708,84.5,3.229
acewinne,2024-05-08T00:05:00Z,0.84,1.218,0.02499999999999991,1,2.876,89.1,1.827
acewinne,2024-05-08T01:00:00Z,0.74,0,0,0,2.51,89.9,1.534
acewinne,2024-05-08T01:15:00Z,0.72,0.8,0.07500000000000007,1,2.486,90,1.518
acewinne,2024-05-08T02:15:00Z,0.74,0,0,0,2.247,89.2,1.217
acewinne,2024-05-08T03:05:00Z,0.73,0,0,0,1.919,90.1,0.968
acewinne,2024-05-08T03:25:00Z,0.7,0,0,0,1.68,90.7,0.781
acewinne,2024-05-08T03:45:00Z,0.63,0,0,0,1.399,92,0.609
acewinne,2024-05-08T04:00:00Z,0.78,0,0,0,1.445,92,0.655
acewinne,2024-05-08T04:30:00Z,0.6,0.65,0.255,1,1.235,92.9,0.52
acewinne,2024-05-08T04:40:00Z,0.63,0.555,0.0050000000000000044,1,1.219,93,0.512
acewinne,2024-05-08T05:00:00Z,0.54,0,0,0,1.145,93.2,0.455
acewinne,2024-05-08T05:10:00Z,0.5,0.491,0.491,1,1.125,93.2,0.436
acewinne,2024-05-08T05:20:00Z,0.62,0,0,0,1.12,93.3,0.439
acewinne,2024-05-08T05:30:00Z,0.57,0,0,0,1.306,92.7,0.574
acewinne,2024-05-08T06:00:00Z,0.51,0.76,0.14500000000000002,1,1.602,91.9,0.802
acewinne,2024-05-08T09:55:00Z,0.24,1.298,0.05600000000000005,1,2.656,90.1,1.694
acewinne,2024-05-08T10:05:00Z,0.2,1.388,0.07999999999999985,1,2.585,92.6,1.834
acewinne,2024-05-08T10:35:00Z,0.3,1.363,0.05499999999999994,1,2.65,92.8,1.915
acewinne,2024-05-08T10:50:00Z,0.3,1.333,0.004999999999999893,1,2.796,92.5,2.034
acewinne,2024-05-08T11:35:00Z,0.25,1.384,0.014999999999999902,1,3.097,94.4,2.496
acewinne,2024-05-08T11:45:00Z,0.46,1.345,0.016000000000000014,1,3.247,94.5,2.654
acewinne,2024-05-08T11:50:00Z,0.45,1.42,0.07499999999999996,1,3.362,94.4,2.76
acewinne,2024-05-08T13:00:00Z,0.21,1.399,0.09499999999999997,1,4.348,93.9,3.696
acewinne,2024-05-08T13:10:00Z,0.17,1.409,0.08099999999999996,1,4.3,94.7,3.72
acewinne,2024-05-08T13:35:00Z,0.41,1.437,0.03100000000000014,1,4.678,95.7,4.186
acewinne,2024-05-08T13:40:00Z,0.38,1.507,0.06999999999999984,1,5.08,96.7,4.679
acewinne,2024-05-08T14:15:00Z,0.47,1.478,0.08699999999999997,1,6.19,95,5.63
acewinne,2024-05-08T14:40:00Z,0.17,1.437,0.038000000000000034,1,6.633,95.6,6.128
acewinne,2024-05-08T15:20:00Z,0.17,1.529,0.0029999999999998916,1,7.579,95.3,7.043
acewinne,2024-05-08T16:30:00Z,0.26,1.633,0.139,1,8.64,94,7.972
acewinne,2024-05-08T17:10:00Z,0.21,1.487,0.008000000000000007,1,8.89,92.2,8.043
acewinne,2024-05-08T17:15:00Z,0.26,1.515,0.027999999999999803,1,8.68,91.8,7.795
acewinne,2024-05-08T17:20:00Z,0.25,1.522,0.007000000000000117,1,8.52,93,7.755
acewinne,2024-05-08T17:25:00Z,0.24,1.566,0.04400000000000004,1,8.34,93.3,7.605
acewinne,2024-05-08T17:40:00Z,0.22,1.556,0.07099999999999995,1,8.3,94.1,7.644
acewinne,2024-05-08T17:50:00Z,0.73,1.535,0.0129999999999999,1,8.49,94.4,7.862
acewinne,2024-05-08T17:55:00Z,0.7,1.629,0.09400000000000008,1,8.67,94.4,8.041
acewinne,2024-05-08T18:05:00Z,0.17,1.629,0.07499999999999996,1,8.82,92.9,8.042
acewinne,2024-05-08T18:30:00Z,0.27,1.604,0.1060000000000001,1,9.58,92.4,8.746
acewinne,2024-05-08T19:40:00Z,0.32,1.651,0.16300000000000003,1,9.7,92.4,8.865
acewinne,2024-05-08T21:40:00Z,0.2,1.633,0.16900000000000004,1,10.02,91.4,9.08
acewinne,2024-05-09T00:10:00Z,0.05,1.504,0.03699999999999992,1,10.43,92.2,9.567
acewinne,2024-05-09T00:15:00Z,0.22,1.565,0.06099999999999994,1,10.3,93.3,9.551
acewinne,2024-05-09T00:55:00Z,0.15,1.559,0.050999999999999934,1,10.33,91.9,9.438
acewinne,2024-05-09T01:20:00Z,0.08,1.572,0.0030000000000001137,1,10.14,93.8,9.443
acewinne,2024-05-09T03:00:00Z,0.1,1.549,0.05499999999999994,1,9.92,92.3,9.072
acewinne,2024-05-09T10:55:00Z,0.06,1.539,0.04299999999999993,1,7.614,94.1,6.962
acewinne,2024-05-09T11:05:00Z,0.18,1.431,0.02400000000000002,1,7.618,93.4,6.898
acewinne,2024-05-13T22:05:00Z,0.21,1.881,0.43100000000000005,1,24.06,31.27,14.116
acewinne,2024-05-17T21:25:00Z,0.47,1.825,0.6839999999999999,1,12.13,66.81,8.625
acewinne,2024-05-19T20:15:00Z,0.21,1.417,0.030000000000000027,1,6.2,83.5,4.59
acewinne,2024-05-19T20:55:00Z,0.14,1.451,0.04200000000000004,1,6.455,79.38,4.47
acewinne,2024-05-23T06:05:00Z,0.07,1.454,0.04499999999999993,1,8.63,92.8,7.844
acewinne,2024-05-23T12:15:00Z,0.26,1.423,0.025000000000000133,1,6.851,95.4,6.326
acewinne,2024-05-23T12:20:00Z,0.25,1.453,0.030000000000000027,1,6.8,95.4,6.275
acewinne,2024-05-23T12:25:00Z,0.29,1.467,0.014000000000000012,1,6.785,95.4,6.261
acewinne,2024-05-23T12:40:00Z,0.21,1.461,0.10499999999999998,1,6.612,95.6,6.107
acewinne,2024-05-23T13:10:00Z,0.24,1.439,0.02400000000000002,1,6.449,95.5,5.935
acewinne,2024-05-23T13:25:00Z,0.17,1.443,0.07499999999999996,1,6.374,95.5,5.86
acewinne,2024-05-23T14:05:00Z,0.21,1.494,0.08099999999999996,1,6.3,95.1,5.749
acewinne,2024-05-26T05:05:00Z,0.06,1.355,0.139,1,10.48,78.26,8.218
acewinne,2024-05-29T20:30:00Z,0.3,1.345,0.10499999999999998,1,15.01,77.53,12.465
acewinne,2024-05-29T20:35:00Z,0.18,1.397,0.052000000000000046,1,14.74,79.89,12.467
acewinne,2024-05-29T21:35:00Z,0.19,1.379,0.06499999999999995,1,13.87,82.5,11.915
acewinne,2024-05-29T21:40:00Z,0.05,1.436,0.05699999999999994,1,13.46,83,11.572
acewinne,2024-05-29T21:55:00Z,0.3,1.503,0.09499999999999997,1,13.24,83.7,11.434
acewinne,2024-05-29T22:00:00Z,0.2,1.52,0.017000000000000126,1,13.08,85.6,11.481
acewinne,2024-05-29T22:05:00Z,0.17,1.53,0.010000000000000009,1,13,86.4,11.489
acewinne,2024-05-29T22:15:00Z,0.22,1.526,0.03699999999999992,1,12.89,89.4,11.702
acewinne,2024-05-29T22:20:00Z,0.18,1.539,0.0129999999999999,1,12.75,86.6,11.266
acewinne,2024-05-29T22:25:00Z,0.53,1.549,0.010000000000000009,1,12.7,87,11.26
acewinne,2024-05-29T22:40:00Z,0.24,1.617,0.14700000000000002,1,12.55,88.6,11.283
acewinne,2024-05-29T22:50:00Z,0.31,1.583,0.028000000000000025,1,12.57,89.8,11.43
acewinne,2024-05-29T23:10:00Z,0.18,1.562,0,0,12.6,92.9,11.791
acewinne,2024-05-29T23:20:00Z,0.39,1.538,0.017000000000000126,1,12.48,91.7,11.544
acewinne,2024-05-29T23:45:00Z,0.29,1.582,0.010000000000000009,1,12.3,92.6,11.461
acewinne,2024-05-29T23:50:00Z,0.24,1.602,0.020000000000000018,1,12.3,93,11.504
acewinne,2024-05-30T00:15:00Z,0.14,1.532,0.05899999999999994,1,12.5,92,11.595
acewinne,2024-06-02T07:10:00Z,0.29,0.977,0.08199999999999996,1,14.41,62.21,10.227
acewinne,2024-06-02T07:40:00Z,0.31,1.231,0.14600000000000013,1,12.48,80.7,10.383
acewinne,2024-06-02T08:00:00Z,0.2,1.24,0.06499999999999995,1,11.86,85.9,10.324
acewinne,2024-06-02T08:05:00Z,0.68,1.243,0.0030000000000001137,1,11.74,87,10.321
acewinne,2024-06-02T08:15:00Z,0.36,1.25,0.06499999999999995,1,11.52,88.9,10.303
acewinne,2024-06-02T08:20:00Z,0.32,1.318,0.06800000000000006,1,11.36,90.5,10.311
acewinne,2024-06-03T17:55:00Z,0.29,1.35,0.006000000000000005,1,16.95,75.55,14.084
acewinne,2024-06-03T20:30:00Z,0.35,1.217,0.15000000000000013,1,16.93,74.42,13.934
acewinne,2024-06-03T20:35:00Z,0.5,1.441,0.22399999999999998,1,16.39,77.73,13.803
acewinne,2024-06-03T20:40:00Z,0.32,1.482,0.040999999999999925,1,16.35,79.78,14
acewinne,2024-06-03T23:20:00Z,0.71,1.349,0.396,1,13.35,87.7,11.971
acewinne,2024-06-03T23:45:00Z,0.45,1.348,0.07300000000000018,1,12.46,86.1,10.93
acewinne,2024-06-10T13:30:00Z,0.11,1.027,0.050999999999999934,1,14.8,89.7,13.614
acewinne,2024-06-10T13:35:00Z,0.12,1.027,0,0,14.81,89.1,13.557
acewinne,2024-06-10T13:55:00Z,0.05,0.964,0.013000000000000012,1,14.51,89.1,13.262
acewinne,2024-06-10T14:00:00Z,0.06,1.056,0.09200000000000008,1,14.49,89.2,13.254
acewinne,2024-06-10T14:15:00Z,0.16,0.992,0.02100000000000002,1,14.58,86.2,13.009
acewinne,2024-06-10T14:20:00Z,0.11,1.012,0.020000000000000018,1,14.6,86.3,13.04
acewinne,2024-06-10T15:05:00Z,0.07,1.067,0.10799999999999998,1,14.25,86.8,12.753
acewinne,2024-06-10T15:20:00Z,0.17,0.997,0.05400000000000005,1,13.75,90,12.614
acewinne,2024-06-15T23:25:00Z,0.61,0.928,0.04300000000000004,1,13.36,86.8,11.883
acewinne,2024-06-15T23:30:00Z,0.27,0.959,0.030999999999999917,1,13.97,83.6,12.131
acewinne,2024-06-16T01:10:00Z,0.24,0.988,0.017000000000000015,1,11.4,82.1,9.486
acewinne,2024-06-17T21:30:00Z,0.11,0.734,0.08099999999999996,1,8.3,92,7.439
acewinne,2024-06-17T21:35:00Z,0.11,0.852,0.118,1,8.36,92.9,7.586
acewinne,2024-06-18T04:15:00Z,0.05,0.59,0.05499999999999994,1,7.159,89.5,6.074
acewinne,2024-06-18T04:25:00Z,0.28,0.584,0.02399999999999991,1,7.004,90.9,6.053
acewinne,2024-06-18T04:30:00Z,0.26,0.609,0.025000000000000022,1,6.94,91.4,6.037
acewinne,2024-06-18T04:40:00Z,0.14,0.633,0.04500000000000004,1,6.832,92.5,6.033
acewinne,2024-06-18T04:50:00Z,0.12,0.679,0.06600000000000006,1,6.829,93.1,6.087
acewinne,2024-06-18T04:55:00Z,0.06,0.69,0.010999999999999899,1,6.889,93.3,6.165
acewinne,2024-06-18T05:20:00Z,0.07,0.623,0.010000000000000009,1,6.8,94.8,6.219
acewinne,2024-06-18T05:25:00Z,0.06,0.643,0.020000000000000018,1,6.8,94.8,6.219
acewinne,2024-06-18T05:55:00Z,0.16,0.642,0.051000000000000045,1,6.6,94.7,6.01
acewinne,2024-06-18T06:15:00Z,0.1,0.621,0,0,6.6,94.5,5.991
acewinne,2024-06-18T06:30:00Z,0.09,0.617,0.026000000000000023,1,6.676,94.2,6.038
acewinne,2024-06-18T06:35:00Z,0.06,0.658,0.041000000000000036,1,6.72,94.4,6.101
acewinne,2024-06-18T06:55:00Z,0.06,0.607,0.025000000000000022,1,6.711,94.5,6.102
acewinne,2024-06-18T07:00:00Z,0.17,0.617,0.010000000000000009,1,6.7,94.9,6.128
acewinne,2024-06-18T07:05:00Z,0.19,0.627,0.010000000000000009,1,6.7,95.1,6.147
acewinne,2024-06-18T07:10:00Z,0.27,0.637,0.010000000000000009,1,6.662,95,6.1
acewinne,2024-06-18T07:15:00Z,0.27,0.647,0.010000000000000009,1,6.7,94.7,6.109
acewinne,2024-06-18T07:25:00Z,0.23,0.682,0.051000000000000045,1,6.6,95.2,6.057
acewinne,2024-06-18T07:35:00Z,0.33,0.676,0.02400000000000002,1,6.563,95.2,6.02
acewinne,2024-06-18T07:50:00Z,0.37,0.623,0.015000000000000013,1,6.128,94.7,5.54
acewinne,2024-06-18T08:00:00Z,0.25,0.607,0.010000000000000009,1,5.938,95.2,5.397
acewinne,2024-06-18T08:05:00Z,0.36,0.611,0.0040000000000000036,1,5.967,94.9,5.398
acewinne,2024-06-18T08:10:00Z,0.26,0.631,0.020000000000000018,1,5.907,94.6,5.311
acewinne,2024-06-18T08:15:00Z,0.28,0.636,0.0050000000000000044,1,5.839,94.4,5.224
acewinne,2024-06-18T08:25:00Z,0.12,0.61,0.025000000000000022,1,5.712,93.8,5.043
acewinne,2024-06-18T08:30:00Z,0.24,0.624,0.014000000000000012,1,5.647,93.5,4.951
acewinne,2024-06-18T08:35:00Z,0.21,0.663,0.039000000000000035,1,5.491,92.3,4.686
acewinne,2024-06-18T08:50:00Z,0.13,0.601,0.04999999999999993,1,5.073,91.1,4.164
acewinne,2024-06-18T09:00:00Z,0.15,0.626,0.129,1,3.97,90.8,3.049
acewinne,2024-06-18T09:10:00Z,0.29,0.601,0.07099999999999995,1,3.7,92.4,2.921
acewinne,2024-06-18T09:20:00Z,0.17,0.56,0.03500000000000003,1,3.588,92.2,2.793
acewinne,2024-06-18T09:25:00Z,0.14,0.58,0.019999999999999907,1,3.5,92.4,2.723
acewinne,2024-06-18T09:35:00Z,0.14,0.595,0.05499999999999994,1,3.461,93.3,2.763
acewinne,2024-06-18T10:05:00Z,0.14,0.595,0.031000000000000028,1,3,92.6,2.245
acewinne,2024-06-18T10:15:00Z,0.22,0.579,0.06999999999999995,1,2.9,93.6,2.231
acewinne,2024-06-18T10:30:00Z,0.19,0.624,0.07499999999999996,1,2.681,93.7,2.022
acewinne,2024-06-18T10:45:00Z,0.17,0.594,0.06499999999999995,1,2.587,94.1,1.963
acewinne,2024-06-18T10:55:00Z,0.2,0.604,0.05499999999999994,1,2.715,94,2.082
acewinne,2024-06-18T11:00:00Z,0.16,0.604,0,0,2.8,93.8,2.149
acewinne,2024-06-18T11:10:00Z,0.43,0.564,0.04499999999999993,1,2.922,94,2.288
acewinne,2024-06-18T11:15:00Z,0.36,0.585,0.02100000000000002,1,2.996,93.9,2.352
acewinne,2024-06-18T11:20:00Z,0.24,0.64,0.05500000000000005,1,3.022,94.3,2.413
acewinne,2024-06-18T11:30:00Z,0.17,0.61,0.050999999999999934,1,3.1,94,2.464
acewinne,2024-06-18T11:45:00Z,0.09,0.595,0.06099999999999994,1,3.2,93.6,2.529
acewinne,2024-06-18T11:50:00Z,0.06,0.615,0.020000000000000018,1,3.2,93.9,2.555
acewinne,2024-06-18T12:05:00Z,0.17,0.605,0.05499999999999994,1,3.308,93.7,2.645
acewinne,2024-06-18T12:10:00Z,0.07,0.635,0.030000000000000027,1,3.414,93.6,2.742
acewinne,2024-06-18T12:20:00Z,0.08,0.641,0.051000000000000045,1,3.592,93.7,2.928
acewinne,2024-06-18T12:35:00Z,0.06,0.628,0.01100000000000001,1,4.076,93.5,3.391
acewinne,2024-06-18T12:45:00Z,0.1,0.683,0.06500000000000006,1,4.271,94.3,3.655
acewinne,2024-06-18T13:00:00Z,0.14,0.67,0.040000000000000036,1,4.846,92.8,4.092
acewinne,2024-06-18T13:10:00Z,0.06,0.651,0.015000000000000013,1,4.967,93.3,4.258
acewinne,2024-06-18T13:20:00Z,0.06,0.652,0.050000000000000044,1,5.2,93.5,4.507
acewinne,2024-06-18T13:30:00Z,0.06,0.613,0.06599999999999995,1,5.322,93.9,4.665
acewinne,2024-06-18T13:40:00Z,0.14,0.67,0.01100000000000001,1,5.63,93.9,4.97
acewinne,2024-06-18T13:45:00Z,0.05,0.676,0.006000000000000005,1,5.787,92.9,5.035
acewinne,2024-06-18T14:00:00Z,0.2,0.627,0.006000000000000005,1,5.954,93.6,5.265
acewinne,2024-06-18T14:05:00Z,0.18,0.633,0.006000000000000005,1,6.003,92.3,5.193
acewinne,2024-06-18T14:20:00Z,0.06,0.669,0.010000000000000009,1,6.2,92.9,5.444
acewinne,2024-06-18T14:25:00Z,0.06,0.731,0.061999999999999944,1,6.322,92.3,5.509
acewinne,2024-06-18T14:35:00Z,0.12,0.702,0.03599999999999992,1,6.571,92.7,5.793
acewinne,2024-06-18T14:45:00Z,0.14,0.643,0.006000000000000005,1,6.741,93.1,5.999
acewinne,2024-06-18T14:50:00Z,0.06,0.734,0.09099999999999997,1,6.8,93.1,6.058
acewinne,2024-06-18T15:00:00Z,0.14,0.755,0.07599999999999996,1,6.801,92.5,6.003
acewinne,2024-06-18T15:10:00Z,0.13,0.659,0.030000000000000027,1,6.88,91.3,5.968
acewinne,2024-06-18T15:15:00Z,0.11,0.706,0.04699999999999993,1,6.929,91.6,6.044
acewinne,2024-06-18T15:25:00Z,0.06,0.777,0.07600000000000007,1,7.051,91.1,6.118
acewinne,2024-06-18T15:40:00Z,0.13,0.778,0.10099999999999998,1,7.2,90.6,6.218
acewinne,2024-06-18T15:50:00Z,0.06,0.724,0.040999999999999925,1,7.3,89.6,6.223
acewinne,2024-06-18T16:05:00Z,0.19,0.679,0.020000000000000018,1,7.399,89.1,6.273
acewinne,2024-06-18T16:10:00Z,0.14,0.709,0.029999999999999916,1,7.4,89.7,6.33
acewinne,2024-06-18T16:25:00Z,0.17,0.947,0.124,1,7.664,89.2,6.543
acewinne,2024-06-18T18:35:00Z,0.12,0.693,0.03399999999999992,1,7.829,82.2,6.047
acewinne,2024-06-18T18:40:00Z,0.16,0.726,0.03300000000000003,1,7.894,84.3,6.306
acewinne,2024-06-18T18:45:00Z,0.06,0.74,0.014000000000000012,1,7.998,85.1,6.482
acewinne,2024-06-18T18:55:00Z,0.11,0.752,0.10299999999999998,1,7.769,85.5,6.297
acewinne,2024-06-18T19:10:00Z,0.17,0.78,0.11099999999999999,1,7.353,89.1,6.227
acewinne,2024-06-18T19:15:00Z,0.18,0.989,0.20899999999999996,1,7.443,87.9,6.203
acewinne,2024-06-18T20:55:00Z,0.36,0.83,0.07099999999999995,1,8.65,82.5,6.869
acewinne,2024-06-18T21:20:00Z,0.22,1.007,0.23799999999999988,1,8.64,78.66,6.497
acewinne,2024-06-18T21:35:00Z,0.07,0.852,0.137,1,8.96,82.2,7.14
acewinne,2024-06-18T21:40:00Z,0.06,0.871,0.019000000000000017,1,9.36,82.2,7.526
acewinne,2024-06-20T23:55:00Z,0.39,0.902,0.28800000000000003,1,13.13,84.6,11.423
acewinne,2024-06-21T00:05:00Z,0.4,0.98,0.12,1,13.59,85.5,11.968
acewinne,2024-06-21T00:10:00Z,0.31,1.037,0.05699999999999994,1,13.89,85.5,12.26
acewinne,2024-06-21T22:10:00Z,0.22,1.403,0.469,1,19.72,71.4,16.194
acewinne,2024-06-21T22:20:00Z,0.4,1.286,0.06299999999999994,1,20.11,67.24,16.034
acewinne,2024-06-22T03:40:00Z,5.2,0.928,0.28700000000000003,1,13.45,92.5,12.59
acewinne,2024-06-22T03:50:00Z,2.54,0.985,0.131,1,13.55,92.9,12.733
acewinne,2024-06-22T04:00:00Z,1.24,1.151,0.21399999999999997,1,13.45,93.1,12.656
acewinne,2024-06-22T04:10:00Z,0.06,0.956,0.04399999999999993,1,13.71,90.6,12.64
acewinne,2024-06-27T19:00:00Z,0.22,0.733,0.138,1,17.23,85.9,15.56
acewinne,2024-06-27T19:05:00Z,0.3,0.885,0.15200000000000002,1,16.81,89.3,15.546
acewinne,2024-06-27T19:10:00Z,0.5,0.929,0.04400000000000004,1,16.7,90.7,15.601
acewinne,2024-06-27T19:15:00Z,0.11,0.97,0.040999999999999925,1,16.6,90.7,15.502
acewinne,2024-06-27T19:25:00Z,0.29,1.083,0.10299999999999998,1,16.6,91.8,15.63
acewinne,2024-06-27T19:40:00Z,0.3,1.145,0.07200000000000006,1,16.62,90.6,15.51
acewinne,2024-06-27T19:45:00Z,0.3,1.147,0.0020000000000000018,1,16.53,91.6,15.537
acewinne,2024-06-27T20:00:00Z,0.11,1.166,0.038999999999999924,1,16.53,91.7,15.549
acewinne,2024-06-27T20:10:00Z,0.42,1.096,0.0020000000000000018,1,16.56,90.2,15.405
acewinne,2024-06-27T20:15:00Z,0.22,1.117,0.020999999999999908,1,16.5,90.9,15.426
acewinne,2024-06-27T20:20:00Z,0.18,1.212,0.09499999999999997,1,16.43,91.5,15.427
acewinne,2024-06-27T20:35:00Z,0.06,1.189,0.07499999999999996,1,16.53,91,15.468
acewinne,2024-06-27T20:55:00Z,0.06,1.362,0.08600000000000008,1,16.86,91.7,15.875
acewinne,2024-06-27T21:10:00Z,0.4,1.186,0.06099999999999994,1,14.17,88.5,12.862
acewinne,2024-07-01T01:30:00Z,0.25,0.663,0.2,1,18.06,74.66,15.03
acewinne,2024-07-01T13:15:00Z,0.08,0.641,0.07000000000000006,1,15.58,82.4,13.556
acewinne,2024-07-01T13:30:00Z,0.09,0.639,0.06700000000000006,1,15.21,84.5,13.434
acewinne,2024-07-01T13:35:00Z,0.06,0.747,0.10799999999999998,1,15,86.8,13.486
acewinne,2024-07-02T00:40:00Z,0.27,0.802,0.5190000000000001,1,15.74,73.51,12.707
acewinne,2024-07-02T00:45:00Z,0.06,0.925,0.123,1,16.52,73.93,13.49
acewinne,2024-07-02T21:45:00Z,0.42,0.559,0.22500000000000003,1,17.25,63.13,12.91
acewinne,2024-07-03T19:05:00Z,0.38,0.596,0.04899999999999993,1,13.61,82.2,11.631
acewinne,2024-07-03T19:10:00Z,0.27,0.611,0.015000000000000013,1,13.51,83.7,11.696
acewinne,2024-07-04T23:45:00Z,0.25,0.563,0.15699999999999992,1,16.69,68.07,12.973
acewinne,2024-07-04T23:55:00Z,0.08,1.389,0.3460000000000001,1,18.07,69.45,14.416
acewinne,2024-07-06T17:25:00Z,0.36,0.046,0.046,1,18.18,60.82,13.474
acewinne,2024-07-06T17:30:00Z,0.28,0.159,0.113,1,16.74,62.2,12.337
acewinne,2024-07-06T19:05:00Z,0.32,0.607,0.016000000000000014,1,14.49,83.5,12.624
acewinne,2024-07-18T23:25:00Z,0.29,0,0,0,25.09,46.26,17.486
acewinne,2024-07-18T23:30:00Z,0.26,0.293,0.293,1,25.02,44.43,17.133
acewinne,2024-07-18T23:45:00Z,0.28,0.983,0.05899999999999994,1,23.71,53.54,17.413
